location,origin_date,target_date,output_type_id,value,output_type,target
Cal_S,2026-04-30,2026-05-31,0.01,0.0,quantile,WNV cases
Cal_S,2026-04-30,2026-05-31,0.05,0.0,quantile,WNV cases
Cal_S,2026-04-30,2026-05-31,0.1,0.0,quantile,WNV cases
Cal_S,2026-04-30,2026-05-31,0.15,0.0,quantile,WNV cases
Cal_S,2026-04-30,2026-05-31,0.2,0.0,quantile,WNV cases
Cal_S,2026-04-30,2026-05-31,0.25,0.0,quantile,WNV cases
Cal_S,2026-04-30,2026-05-31,0.3,0.0,quantile,WNV cases
Cal_S,2026-04-30,2026-05-31,0.35,0.0,quantile,WNV cases
Cal_S,2026-04-30,2026-05-31,0.4,0.0,quantile,WNV cases
Cal_S,2026-04-30,2026-05-31,0.45,0.0,quantile,WNV cases
Cal_S,2026-04-30,2026-05-31,0.5,0.0,quantile,WNV cases
Cal_S,2026-04-30,2026-05-31,0.55,0.0,quantile,WNV cases
Cal_S,2026-04-30,2026-05-31,0.6,0.0,quantile,WNV cases
Cal_S,2026-04-30,2026-05-31,0.65,0.0,quantile,WNV cases
Cal_S,2026-04-30,2026-05-31,0.7,0.0,quantile,WNV cases
Cal_S,2026-04-30,2026-05-31,0.75,0.0,quantile,WNV cases
Cal_S,2026-04-30,2026-05-31,0.8,0.1681342066606852,quantile,WNV cases
Cal_S,2026-04-30,2026-05-31,0.85,0.3383798812195453,quantile,WNV cases
Cal_S,2026-04-30,2026-05-31,0.9,0.5243159944437151,quantile,WNV cases
Cal_S,2026-04-30,2026-05-31,0.95,1.4499098481444663,quantile,WNV cases
Cal_S,2026-04-30,2026-05-31,0.99,2.4249541993059216,quantile,WNV cases
Cal_S,2026-04-30,2026-06-30,0.01,0.0,quantile,WNV cases
Cal_S,2026-04-30,2026-06-30,0.05,0.0,quantile,WNV cases
Cal_S,2026-04-30,2026-06-30,0.1,0.0,quantile,WNV cases
Cal_S,2026-04-30,2026-06-30,0.15,0.0,quantile,WNV cases
Cal_S,2026-04-30,2026-06-30,0.2,0.0,quantile,WNV cases
Cal_S,2026-04-30,2026-06-30,0.25,0.0,quantile,WNV cases
Cal_S,2026-04-30,2026-06-30,0.3,0.0,quantile,WNV cases
Cal_S,2026-04-30,2026-06-30,0.35,0.0,quantile,WNV cases
Cal_S,2026-04-30,2026-06-30,0.4,0.0,quantile,WNV cases
Cal_S,2026-04-30,2026-06-30,0.45,0.0,quantile,WNV cases
Cal_S,2026-04-30,2026-06-30,0.5,0.0,quantile,WNV cases
Cal_S,2026-04-30,2026-06-30,0.55,0.0,quantile,WNV cases
Cal_S,2026-04-30,2026-06-30,0.6,0.0,quantile,WNV cases
Cal_S,2026-04-30,2026-06-30,0.65,0.0,quantile,WNV cases
Cal_S,2026-04-30,2026-06-30,0.7,0.01122115392401685,quantile,WNV cases
Cal_S,2026-04-30,2026-06-30,0.75,0.4301313885477985,quantile,WNV cases
Cal_S,2026-04-30,2026-06-30,0.8,1.0682316713766649,quantile,WNV cases
Cal_S,2026-04-30,2026-06-30,0.85,1.2134750364616251,quantile,WNV cases
Cal_S,2026-04-30,2026-06-30,0.9,1.3860865362639498,quantile,WNV cases
Cal_S,2026-04-30,2026-06-30,0.95,2.162435509968455,quantile,WNV cases
Cal_S,2026-04-30,2026-06-30,0.99,3.3520184603786776,quantile,WNV cases
Cal_S,2026-04-30,2026-07-31,0.01,0.0,quantile,WNV cases
Cal_S,2026-04-30,2026-07-31,0.05,0.0,quantile,WNV cases
Cal_S,2026-04-30,2026-07-31,0.1,0.0,quantile,WNV cases
Cal_S,2026-04-30,2026-07-31,0.15,0.0,quantile,WNV cases
Cal_S,2026-04-30,2026-07-31,0.2,0.0,quantile,WNV cases
Cal_S,2026-04-30,2026-07-31,0.25,0.0322056899103515,quantile,WNV cases
Cal_S,2026-04-30,2026-07-31,0.3,0.2415664325867895,quantile,WNV cases
Cal_S,2026-04-30,2026-07-31,0.35,0.39745417109648706,quantile,WNV cases
Cal_S,2026-04-30,2026-07-31,0.4,0.8146946015902694,quantile,WNV cases
Cal_S,2026-04-30,2026-07-31,0.45,1.02178073613624,quantile,WNV cases
Cal_S,2026-04-30,2026-07-31,0.5,1.11208034874689,quantile,WNV cases
Cal_S,2026-04-30,2026-07-31,0.55,1.22034542754844,quantile,WNV cases
Cal_S,2026-04-30,2026-07-31,0.6,1.3926207828108002,quantile,WNV cases
Cal_S,2026-04-30,2026-07-31,0.65,2.0970799368819,quantile,WNV cases
Cal_S,2026-04-30,2026-07-31,0.7,2.3309220216226247,quantile,WNV cases
Cal_S,2026-04-30,2026-07-31,0.75,2.4999990730955552,quantile,WNV cases
Cal_S,2026-04-30,2026-07-31,0.8,3.21871484014155,quantile,WNV cases
Cal_S,2026-04-30,2026-07-31,0.85,3.514220741574725,quantile,WNV cases
Cal_S,2026-04-30,2026-07-31,0.9,4.70251262967125,quantile,WNV cases
Cal_S,2026-04-30,2026-07-31,0.95,7.845688889736253,quantile,WNV cases
Cal_S,2026-04-30,2026-07-31,0.99,14.630252273889067,quantile,WNV cases
Cal_S,2026-04-30,2026-08-31,0.01,0.0,quantile,WNV cases
Cal_S,2026-04-30,2026-08-31,0.05,0.0,quantile,WNV cases
Cal_S,2026-04-30,2026-08-31,0.1,0.0,quantile,WNV cases
Cal_S,2026-04-30,2026-08-31,0.15,0.16333267017152636,quantile,WNV cases
Cal_S,2026-04-30,2026-08-31,0.2,0.3612914185377481,quantile,WNV cases
Cal_S,2026-04-30,2026-08-31,0.25,0.5614170491693954,quantile,WNV cases
Cal_S,2026-04-30,2026-08-31,0.3,0.77397734503895,quantile,WNV cases
Cal_S,2026-04-30,2026-08-31,0.35,1.4718139414389286,quantile,WNV cases
Cal_S,2026-04-30,2026-08-31,0.4,1.6968059864938863,quantile,WNV cases
Cal_S,2026-04-30,2026-08-31,0.45,1.92494980835919,quantile,WNV cases
Cal_S,2026-04-30,2026-08-31,0.5,2.1769396278952042,quantile,WNV cases
Cal_S,2026-04-30,2026-08-31,0.55,2.5135188782598523,quantile,WNV cases
Cal_S,2026-04-30,2026-08-31,0.6,2.8969281930371045,quantile,WNV cases
Cal_S,2026-04-30,2026-08-31,0.65,3.5619705362591043,quantile,WNV cases
Cal_S,2026-04-30,2026-08-31,0.7,3.93489387767089,quantile,WNV cases
Cal_S,2026-04-30,2026-08-31,0.75,4.5648886482991164,quantile,WNV cases
Cal_S,2026-04-30,2026-08-31,0.8,5.698216194486859,quantile,WNV cases
Cal_S,2026-04-30,2026-08-31,0.85,7.168150349432985,quantile,WNV cases
Cal_S,2026-04-30,2026-08-31,0.9,9.502428026573796,quantile,WNV cases
Cal_S,2026-04-30,2026-08-31,0.95,15.614807036173616,quantile,WNV cases
Cal_S,2026-04-30,2026-08-31,0.99,34.97321563055398,quantile,WNV cases
Cal_S,2026-04-30,2026-09-30,0.01,0.0,quantile,WNV cases
Cal_S,2026-04-30,2026-09-30,0.05,0.0,quantile,WNV cases
Cal_S,2026-04-30,2026-09-30,0.1,0.0,quantile,WNV cases
Cal_S,2026-04-30,2026-09-30,0.15,0.0,quantile,WNV cases
Cal_S,2026-04-30,2026-09-30,0.2,0.02368233400067155,quantile,WNV cases
Cal_S,2026-04-30,2026-09-30,0.25,0.15437277979395034,quantile,WNV cases
Cal_S,2026-04-30,2026-09-30,0.3,0.285063225587229,quantile,WNV cases
Cal_S,2026-04-30,2026-09-30,0.35,0.4157536713805079,quantile,WNV cases
Cal_S,2026-04-30,2026-09-30,0.4,0.5557146188653662,quantile,WNV cases
Cal_S,2026-04-30,2026-09-30,0.45,0.7124915977337889,quantile,WNV cases
Cal_S,2026-04-30,2026-09-30,0.5,0.8692685766022122,quantile,WNV cases
Cal_S,2026-04-30,2026-09-30,0.55,1.5335073008628124,quantile,WNV cases
Cal_S,2026-04-30,2026-09-30,0.6,1.735199040754086,quantile,WNV cases
Cal_S,2026-04-30,2026-09-30,0.65,1.9368907806453586,quantile,WNV cases
Cal_S,2026-04-30,2026-09-30,0.7,2.185024158004187,quantile,WNV cases
Cal_S,2026-04-30,2026-09-30,0.75,2.4543066346489812,quantile,WNV cases
Cal_S,2026-04-30,2026-09-30,0.8,3.3041051933770467,quantile,WNV cases
Cal_S,2026-04-30,2026-09-30,0.85,4.368973450203225,quantile,WNV cases
Cal_S,2026-04-30,2026-09-30,0.9,6.209181329860757,quantile,WNV cases
Cal_S,2026-04-30,2026-09-30,0.95,11.731708950291456,quantile,WNV cases
Cal_S,2026-04-30,2026-09-30,0.99,22.344225821082823,quantile,WNV cases
Cal_S,2026-04-30,2026-10-31,0.01,0.0,quantile,WNV cases
Cal_S,2026-04-30,2026-10-31,0.05,0.0,quantile,WNV cases
Cal_S,2026-04-30,2026-10-31,0.1,0.0,quantile,WNV cases
Cal_S,2026-04-30,2026-10-31,0.15,0.0,quantile,WNV cases
Cal_S,2026-04-30,2026-10-31,0.2,0.0,quantile,WNV cases
Cal_S,2026-04-30,2026-10-31,0.25,0.0,quantile,WNV cases
Cal_S,2026-04-30,2026-10-31,0.3,0.0,quantile,WNV cases
Cal_S,2026-04-30,2026-10-31,0.35,0.0,quantile,WNV cases
Cal_S,2026-04-30,2026-10-31,0.4,0.0,quantile,WNV cases
Cal_S,2026-04-30,2026-10-31,0.45,0.0,quantile,WNV cases
Cal_S,2026-04-30,2026-10-31,0.5,0.0241876712140349,quantile,WNV cases
Cal_S,2026-04-30,2026-10-31,0.55,0.1143819112745734,quantile,WNV cases
Cal_S,2026-04-30,2026-10-31,0.6,0.2584519579742528,quantile,WNV cases
Cal_S,2026-04-30,2026-10-31,0.65,0.7947703913956501,quantile,WNV cases
Cal_S,2026-04-30,2026-10-31,0.7,0.8849646314561885,quantile,WNV cases
Cal_S,2026-04-30,2026-10-31,0.75,0.975158871516727,quantile,WNV cases
Cal_S,2026-04-30,2026-10-31,0.8,1.3158293277863637,quantile,WNV cases
Cal_S,2026-04-30,2026-10-31,0.85,2.3011312592309765,quantile,WNV cases
Cal_S,2026-04-30,2026-10-31,0.9,3.246059274426056,quantile,WNV cases
Cal_S,2026-04-30,2026-10-31,0.95,4.480063318136797,quantile,WNV cases
Cal_S,2026-04-30,2026-10-31,0.99,7.799396155020708,quantile,WNV cases
Cal_S,2026-04-30,2026-11-30,0.01,0.0,quantile,WNV cases
Cal_S,2026-04-30,2026-11-30,0.05,0.0,quantile,WNV cases
Cal_S,2026-04-30,2026-11-30,0.1,0.0,quantile,WNV cases
Cal_S,2026-04-30,2026-11-30,0.15,0.0,quantile,WNV cases
Cal_S,2026-04-30,2026-11-30,0.2,0.0,quantile,WNV cases
Cal_S,2026-04-30,2026-11-30,0.25,0.0,quantile,WNV cases
Cal_S,2026-04-30,2026-11-30,0.3,0.0,quantile,WNV cases
Cal_S,2026-04-30,2026-11-30,0.35,0.0,quantile,WNV cases
Cal_S,2026-04-30,2026-11-30,0.4,0.0,quantile,WNV cases
Cal_S,2026-04-30,2026-11-30,0.45,0.0,quantile,WNV cases
Cal_S,2026-04-30,2026-11-30,0.5,0.0,quantile,WNV cases
Cal_S,2026-04-30,2026-11-30,0.55,0.0,quantile,WNV cases
Cal_S,2026-04-30,2026-11-30,0.6,0.0,quantile,WNV cases
Cal_S,2026-04-30,2026-11-30,0.65,0.0,quantile,WNV cases
Cal_S,2026-04-30,2026-11-30,0.7,0.0,quantile,WNV cases
Cal_S,2026-04-30,2026-11-30,0.75,0.0,quantile,WNV cases
Cal_S,2026-04-30,2026-11-30,0.8,0.2898435326044306,quantile,WNV cases
Cal_S,2026-04-30,2026-11-30,0.85,0.8158514027193484,quantile,WNV cases
Cal_S,2026-04-30,2026-11-30,0.9,0.8418592728342672,quantile,WNV cases
Cal_S,2026-04-30,2026-11-30,0.95,0.8818584559071554,quantile,WNV cases
Cal_S,2026-04-30,2026-11-30,0.99,3.146419321583735,quantile,WNV cases
Cal_S,2026-04-30,2026-12-31,0.01,0.0,quantile,WNV cases
Cal_S,2026-04-30,2026-12-31,0.05,0.0,quantile,WNV cases
Cal_S,2026-04-30,2026-12-31,0.1,0.0,quantile,WNV cases
Cal_S,2026-04-30,2026-12-31,0.15,0.0,quantile,WNV cases
Cal_S,2026-04-30,2026-12-31,0.2,0.0,quantile,WNV cases
Cal_S,2026-04-30,2026-12-31,0.25,0.0,quantile,WNV cases
Cal_S,2026-04-30,2026-12-31,0.3,0.0,quantile,WNV cases
Cal_S,2026-04-30,2026-12-31,0.35,0.0,quantile,WNV cases
Cal_S,2026-04-30,2026-12-31,0.4,0.0,quantile,WNV cases
Cal_S,2026-04-30,2026-12-31,0.45,0.0,quantile,WNV cases
Cal_S,2026-04-30,2026-12-31,0.5,0.0,quantile,WNV cases
Cal_S,2026-04-30,2026-12-31,0.55,0.0,quantile,WNV cases
Cal_S,2026-04-30,2026-12-31,0.6,0.0,quantile,WNV cases
Cal_S,2026-04-30,2026-12-31,0.65,0.0,quantile,WNV cases
Cal_S,2026-04-30,2026-12-31,0.7,0.0,quantile,WNV cases
Cal_S,2026-04-30,2026-12-31,0.75,0.0,quantile,WNV cases
Cal_S,2026-04-30,2026-12-31,0.8,0.0,quantile,WNV cases
Cal_S,2026-04-30,2026-12-31,0.85,0.3857500312351524,quantile,WNV cases
Cal_S,2026-04-30,2026-12-31,0.9,0.9110868907363175,quantile,WNV cases
Cal_S,2026-04-30,2026-12-31,0.95,0.9364237502374825,quantile,WNV cases
Cal_S,2026-04-30,2026-12-31,0.99,2.327474808886505,quantile,WNV cases
LAO_G,2026-04-30,2026-05-31,0.01,0.0,quantile,WNV cases
LAO_G,2026-04-30,2026-05-31,0.05,0.0,quantile,WNV cases
LAO_G,2026-04-30,2026-05-31,0.1,0.0,quantile,WNV cases
LAO_G,2026-04-30,2026-05-31,0.15,0.0,quantile,WNV cases
LAO_G,2026-04-30,2026-05-31,0.2,0.0,quantile,WNV cases
LAO_G,2026-04-30,2026-05-31,0.25,0.0,quantile,WNV cases
LAO_G,2026-04-30,2026-05-31,0.3,0.0,quantile,WNV cases
LAO_G,2026-04-30,2026-05-31,0.35,0.0,quantile,WNV cases
LAO_G,2026-04-30,2026-05-31,0.4,0.0,quantile,WNV cases
LAO_G,2026-04-30,2026-05-31,0.45,0.0,quantile,WNV cases
LAO_G,2026-04-30,2026-05-31,0.5,0.0,quantile,WNV cases
LAO_G,2026-04-30,2026-05-31,0.55,0.0,quantile,WNV cases
LAO_G,2026-04-30,2026-05-31,0.6,0.0,quantile,WNV cases
LAO_G,2026-04-30,2026-05-31,0.65,0.0,quantile,WNV cases
LAO_G,2026-04-30,2026-05-31,0.7,0.0,quantile,WNV cases
LAO_G,2026-04-30,2026-05-31,0.75,0.0,quantile,WNV cases
LAO_G,2026-04-30,2026-05-31,0.8,0.0,quantile,WNV cases
LAO_G,2026-04-30,2026-05-31,0.85,0.0,quantile,WNV cases
LAO_G,2026-04-30,2026-05-31,0.9,0.4605305744088085,quantile,WNV cases
LAO_G,2026-04-30,2026-05-31,0.95,0.5,quantile,WNV cases
LAO_G,2026-04-30,2026-05-31,0.99,2.3691888410179764,quantile,WNV cases
LAO_G,2026-04-30,2026-06-30,0.01,0.0,quantile,WNV cases
LAO_G,2026-04-30,2026-06-30,0.05,0.0,quantile,WNV cases
LAO_G,2026-04-30,2026-06-30,0.1,0.0,quantile,WNV cases
LAO_G,2026-04-30,2026-06-30,0.15,0.0,quantile,WNV cases
LAO_G,2026-04-30,2026-06-30,0.2,0.0,quantile,WNV cases
LAO_G,2026-04-30,2026-06-30,0.25,0.0,quantile,WNV cases
LAO_G,2026-04-30,2026-06-30,0.3,0.0,quantile,WNV cases
LAO_G,2026-04-30,2026-06-30,0.35,0.0,quantile,WNV cases
LAO_G,2026-04-30,2026-06-30,0.4,0.0,quantile,WNV cases
LAO_G,2026-04-30,2026-06-30,0.45,0.0,quantile,WNV cases
LAO_G,2026-04-30,2026-06-30,0.5,0.0,quantile,WNV cases
LAO_G,2026-04-30,2026-06-30,0.55,0.0,quantile,WNV cases
LAO_G,2026-04-30,2026-06-30,0.6,0.0,quantile,WNV cases
LAO_G,2026-04-30,2026-06-30,0.65,0.0,quantile,WNV cases
LAO_G,2026-04-30,2026-06-30,0.7,0.0,quantile,WNV cases
LAO_G,2026-04-30,2026-06-30,0.75,0.0,quantile,WNV cases
LAO_G,2026-04-30,2026-06-30,0.8,0.0,quantile,WNV cases
LAO_G,2026-04-30,2026-06-30,0.85,0.9999999999999996,quantile,WNV cases
LAO_G,2026-04-30,2026-06-30,0.9,1.2134750364616251,quantile,WNV cases
LAO_G,2026-04-30,2026-06-30,0.95,1.5,quantile,WNV cases
LAO_G,2026-04-30,2026-06-30,0.99,3.146419321583735,quantile,WNV cases
LAO_G,2026-04-30,2026-07-31,0.01,0.0,quantile,WNV cases
LAO_G,2026-04-30,2026-07-31,0.05,0.0,quantile,WNV cases
LAO_G,2026-04-30,2026-07-31,0.1,0.11057321810933,quantile,WNV cases
LAO_G,2026-04-30,2026-07-31,0.15,0.37015494757909223,quantile,WNV cases
LAO_G,2026-04-30,2026-07-31,0.2,0.6273603356582058,quantile,WNV cases
LAO_G,2026-04-30,2026-07-31,0.25,1.0887703308277583,quantile,WNV cases
LAO_G,2026-04-30,2026-07-31,0.3,1.534390636004585,quantile,WNV cases
LAO_G,2026-04-30,2026-07-31,0.35,1.7666840369172894,quantile,WNV cases
LAO_G,2026-04-30,2026-07-31,0.4,1.9882517679877958,quantile,WNV cases
LAO_G,2026-04-30,2026-07-31,0.45,2.2199781141188817,quantile,WNV cases
LAO_G,2026-04-30,2026-07-31,0.5,2.658948093879025,quantile,WNV cases
LAO_G,2026-04-30,2026-07-31,0.55,2.848321227046875,quantile,WNV cases
LAO_G,2026-04-30,2026-07-31,0.6,3.05792460672405,quantile,WNV cases
LAO_G,2026-04-30,2026-07-31,0.65,3.3149930661380367,quantile,WNV cases
LAO_G,2026-04-30,2026-07-31,0.7,4.069338358902945,quantile,WNV cases
LAO_G,2026-04-30,2026-07-31,0.75,4.499998146191115,quantile,WNV cases
LAO_G,2026-04-30,2026-07-31,0.8,5.74567161935027,quantile,WNV cases
LAO_G,2026-04-30,2026-07-31,0.85,7.4232591195867,quantile,WNV cases
LAO_G,2026-04-30,2026-07-31,0.9,10.263259664698905,quantile,WNV cases
LAO_G,2026-04-30,2026-07-31,0.95,17.295795730976977,quantile,WNV cases
LAO_G,2026-04-30,2026-07-31,0.99,37.638717369412724,quantile,WNV cases
LAO_G,2026-04-30,2026-08-31,0.01,0.0,quantile,WNV cases
LAO_G,2026-04-30,2026-08-31,0.05,0.05706346337206575,quantile,WNV cases
LAO_G,2026-04-30,2026-08-31,0.1,0.4939359370204643,quantile,WNV cases
LAO_G,2026-04-30,2026-08-31,0.15,1.3927410935778575,quantile,WNV cases
LAO_G,2026-04-30,2026-08-31,0.2,1.7847766874315831,quantile,WNV cases
LAO_G,2026-04-30,2026-08-31,0.25,2.1770028846638465,quantile,WNV cases
LAO_G,2026-04-30,2026-08-31,0.3,3.075124328809268,quantile,WNV cases
LAO_G,2026-04-30,2026-08-31,0.35,3.485874060024913,quantile,WNV cases
LAO_G,2026-04-30,2026-08-31,0.4,3.918437720563582,quantile,WNV cases
LAO_G,2026-04-30,2026-08-31,0.45,4.874821153287866,quantile,WNV cases
LAO_G,2026-04-30,2026-08-31,0.5,5.362881349287104,quantile,WNV cases
LAO_G,2026-04-30,2026-08-31,0.55,5.890724106645745,quantile,WNV cases
LAO_G,2026-04-30,2026-08-31,0.6,6.967607430322404,quantile,WNV cases
LAO_G,2026-04-30,2026-08-31,0.65,7.61491763291731,quantile,WNV cases
LAO_G,2026-04-30,2026-08-31,0.7,8.349884176979511,quantile,WNV cases
LAO_G,2026-04-30,2026-08-31,0.75,9.706819833818905,quantile,WNV cases
LAO_G,2026-04-30,2026-08-31,0.8,10.74221204179021,quantile,WNV cases
LAO_G,2026-04-30,2026-08-31,0.85,12.560722534078625,quantile,WNV cases
LAO_G,2026-04-30,2026-08-31,0.9,15.705472696402733,quantile,WNV cases
LAO_G,2026-04-30,2026-08-31,0.95,23.629339448800586,quantile,WNV cases
LAO_G,2026-04-30,2026-08-31,0.99,46.91327569154427,quantile,WNV cases
LAO_G,2026-04-30,2026-09-30,0.01,0.0,quantile,WNV cases
LAO_G,2026-04-30,2026-09-30,0.05,0.00983776090520125,quantile,WNV cases
LAO_G,2026-04-30,2026-09-30,0.1,0.40436410244270987,quantile,WNV cases
LAO_G,2026-04-30,2026-09-30,0.15,1.924987284208536,quantile,WNV cases
LAO_G,2026-04-30,2026-09-30,0.2,3.1783378059424154,quantile,WNV cases
LAO_G,2026-04-30,2026-09-30,0.25,4.41065267538312,quantile,WNV cases
LAO_G,2026-04-30,2026-09-30,0.3,5.42062543016039,quantile,WNV cases
LAO_G,2026-04-30,2026-09-30,0.35,6.442537778288094,quantile,WNV cases
LAO_G,2026-04-30,2026-09-30,0.4,7.038205710656765,quantile,WNV cases
LAO_G,2026-04-30,2026-09-30,0.45,7.371866670735482,quantile,WNV cases
LAO_G,2026-04-30,2026-09-30,0.5,7.734143461304732,quantile,WNV cases
LAO_G,2026-04-30,2026-09-30,0.55,8.134602011997002,quantile,WNV cases
LAO_G,2026-04-30,2026-09-30,0.6,8.582072583883742,quantile,WNV cases
LAO_G,2026-04-30,2026-09-30,0.65,9.377300338149638,quantile,WNV cases
LAO_G,2026-04-30,2026-09-30,0.7,10.695031902291067,quantile,WNV cases
LAO_G,2026-04-30,2026-09-30,0.75,12.118617636618612,quantile,WNV cases
LAO_G,2026-04-30,2026-09-30,0.8,14.063092863762172,quantile,WNV cases
LAO_G,2026-04-30,2026-09-30,0.85,16.30500083973315,quantile,WNV cases
LAO_G,2026-04-30,2026-09-30,0.9,19.504158620907553,quantile,WNV cases
LAO_G,2026-04-30,2026-09-30,0.95,26.439298619065173,quantile,WNV cases
LAO_G,2026-04-30,2026-09-30,0.99,49.37303055937228,quantile,WNV cases
LAO_G,2026-04-30,2026-10-31,0.01,0.0,quantile,WNV cases
LAO_G,2026-04-30,2026-10-31,0.05,0.0,quantile,WNV cases
LAO_G,2026-04-30,2026-10-31,0.1,0.5021296405907288,quantile,WNV cases
LAO_G,2026-04-30,2026-10-31,0.15,0.7813811698882482,quantile,WNV cases
LAO_G,2026-04-30,2026-10-31,0.2,1.5781097742357126,quantile,WNV cases
LAO_G,2026-04-30,2026-10-31,0.25,2.474013284580865,quantile,WNV cases
LAO_G,2026-04-30,2026-10-31,0.3,2.71465256390991,quantile,WNV cases
LAO_G,2026-04-30,2026-10-31,0.35,3.0338874981394457,quantile,WNV cases
LAO_G,2026-04-30,2026-10-31,0.4,3.5198336985624072,quantile,WNV cases
LAO_G,2026-04-30,2026-10-31,0.45,3.8772416591284458,quantile,WNV cases
LAO_G,2026-04-30,2026-10-31,0.5,4.233525986616302,quantile,WNV cases
LAO_G,2026-04-30,2026-10-31,0.55,4.606408286211302,quantile,WNV cases
LAO_G,2026-04-30,2026-10-31,0.6,5.0057743660744265,quantile,WNV cases
LAO_G,2026-04-30,2026-10-31,0.65,5.448403385580965,quantile,WNV cases
LAO_G,2026-04-30,2026-10-31,0.7,6.043134702249802,quantile,WNV cases
LAO_G,2026-04-30,2026-10-31,0.75,6.70591796459212,quantile,WNV cases
LAO_G,2026-04-30,2026-10-31,0.8,7.8644194811988175,quantile,WNV cases
LAO_G,2026-04-30,2026-10-31,0.85,9.384278730952435,quantile,WNV cases
LAO_G,2026-04-30,2026-10-31,0.9,11.764549918909081,quantile,WNV cases
LAO_G,2026-04-30,2026-10-31,0.95,17.95802047379984,quantile,WNV cases
LAO_G,2026-04-30,2026-10-31,0.99,33.29462292852018,quantile,WNV cases
LAO_G,2026-04-30,2026-11-30,0.01,0.0,quantile,WNV cases
LAO_G,2026-04-30,2026-11-30,0.05,0.0,quantile,WNV cases
LAO_G,2026-04-30,2026-11-30,0.1,0.0,quantile,WNV cases
LAO_G,2026-04-30,2026-11-30,0.15,0.0,quantile,WNV cases
LAO_G,2026-04-30,2026-11-30,0.2,0.0,quantile,WNV cases
LAO_G,2026-04-30,2026-11-30,0.25,0.0,quantile,WNV cases
LAO_G,2026-04-30,2026-11-30,0.3,0.0,quantile,WNV cases
LAO_G,2026-04-30,2026-11-30,0.35,0.0,quantile,WNV cases
LAO_G,2026-04-30,2026-11-30,0.4,0.0,quantile,WNV cases
LAO_G,2026-04-30,2026-11-30,0.45,0.06866468145272625,quantile,WNV cases
LAO_G,2026-04-30,2026-11-30,0.5,0.15985503241930984,quantile,WNV cases
LAO_G,2026-04-30,2026-11-30,0.55,0.25104538338589344,quantile,WNV cases
LAO_G,2026-04-30,2026-11-30,0.6,0.34223573435247706,quantile,WNV cases
LAO_G,2026-04-30,2026-11-30,0.65,0.9334260853190605,quantile,WNV cases
LAO_G,2026-04-30,2026-11-30,0.7,1.0442731135290837,quantile,WNV cases
LAO_G,2026-04-30,2026-11-30,0.75,1.2633815066029306,quantile,WNV cases
LAO_G,2026-04-30,2026-11-30,0.8,1.405365757449521,quantile,WNV cases
LAO_G,2026-04-30,2026-11-30,0.85,1.5620626126161115,quantile,WNV cases
LAO_G,2026-04-30,2026-11-30,0.9,2.0,quantile,WNV cases
LAO_G,2026-04-30,2026-11-30,0.95,3.162437069822033,quantile,WNV cases
LAO_G,2026-04-30,2026-11-30,0.99,5.020295225666658,quantile,WNV cases
LAO_G,2026-04-30,2026-12-31,0.01,0.0,quantile,WNV cases
LAO_G,2026-04-30,2026-12-31,0.05,0.0,quantile,WNV cases
LAO_G,2026-04-30,2026-12-31,0.1,0.0,quantile,WNV cases
LAO_G,2026-04-30,2026-12-31,0.15,0.0,quantile,WNV cases
LAO_G,2026-04-30,2026-12-31,0.2,0.0,quantile,WNV cases
LAO_G,2026-04-30,2026-12-31,0.25,0.0,quantile,WNV cases
LAO_G,2026-04-30,2026-12-31,0.3,0.0,quantile,WNV cases
LAO_G,2026-04-30,2026-12-31,0.35,0.0,quantile,WNV cases
LAO_G,2026-04-30,2026-12-31,0.4,0.0,quantile,WNV cases
LAO_G,2026-04-30,2026-12-31,0.45,0.0,quantile,WNV cases
LAO_G,2026-04-30,2026-12-31,0.5,0.0,quantile,WNV cases
LAO_G,2026-04-30,2026-12-31,0.55,0.0,quantile,WNV cases
LAO_G,2026-04-30,2026-12-31,0.6,0.0,quantile,WNV cases
LAO_G,2026-04-30,2026-12-31,0.65,0.0538094531303815,quantile,WNV cases
LAO_G,2026-04-30,2026-12-31,0.7,0.154182199872,quantile,WNV cases
LAO_G,2026-04-30,2026-12-31,0.75,0.20714190143602365,quantile,WNV cases
LAO_G,2026-04-30,2026-12-31,0.8,0.23671553776570875,quantile,WNV cases
LAO_G,2026-04-30,2026-12-31,0.85,0.7215896141922491,quantile,WNV cases
LAO_G,2026-04-30,2026-12-31,0.9,1.1622720645268183,quantile,WNV cases
LAO_G,2026-04-30,2026-12-31,0.95,1.4548310819088452,quantile,WNV cases
LAO_G,2026-04-30,2026-12-31,0.99,3.3624528559487414,quantile,WNV cases
ScV_N,2026-04-30,2026-05-31,0.01,0.0,quantile,WNV cases
ScV_N,2026-04-30,2026-05-31,0.05,0.0,quantile,WNV cases
ScV_N,2026-04-30,2026-05-31,0.1,0.0,quantile,WNV cases
ScV_N,2026-04-30,2026-05-31,0.15,0.0,quantile,WNV cases
ScV_N,2026-04-30,2026-05-31,0.2,0.0,quantile,WNV cases
ScV_N,2026-04-30,2026-05-31,0.25,0.0,quantile,WNV cases
ScV_N,2026-04-30,2026-05-31,0.3,0.0,quantile,WNV cases
ScV_N,2026-04-30,2026-05-31,0.35,0.0,quantile,WNV cases
ScV_N,2026-04-30,2026-05-31,0.4,0.0,quantile,WNV cases
ScV_N,2026-04-30,2026-05-31,0.45,0.0,quantile,WNV cases
ScV_N,2026-04-30,2026-05-31,0.5,0.0,quantile,WNV cases
ScV_N,2026-04-30,2026-05-31,0.55,0.0,quantile,WNV cases
ScV_N,2026-04-30,2026-05-31,0.6,0.0,quantile,WNV cases
ScV_N,2026-04-30,2026-05-31,0.65,0.0,quantile,WNV cases
ScV_N,2026-04-30,2026-05-31,0.7,0.0,quantile,WNV cases
ScV_N,2026-04-30,2026-05-31,0.75,0.0,quantile,WNV cases
ScV_N,2026-04-30,2026-05-31,0.8,0.0,quantile,WNV cases
ScV_N,2026-04-30,2026-05-31,0.85,0.0,quantile,WNV cases
ScV_N,2026-04-30,2026-05-31,0.9,0.35796347384962124,quantile,WNV cases
ScV_N,2026-04-30,2026-05-31,0.95,0.5971611647832751,quantile,WNV cases
ScV_N,2026-04-30,2026-05-31,0.99,1.1815453576747728,quantile,WNV cases
ScV_N,2026-04-30,2026-06-30,0.01,0.0,quantile,WNV cases
ScV_N,2026-04-30,2026-06-30,0.05,0.0,quantile,WNV cases
ScV_N,2026-04-30,2026-06-30,0.1,0.0,quantile,WNV cases
ScV_N,2026-04-30,2026-06-30,0.15,0.0,quantile,WNV cases
ScV_N,2026-04-30,2026-06-30,0.2,0.0,quantile,WNV cases
ScV_N,2026-04-30,2026-06-30,0.25,0.0,quantile,WNV cases
ScV_N,2026-04-30,2026-06-30,0.3,0.0,quantile,WNV cases
ScV_N,2026-04-30,2026-06-30,0.35,0.0,quantile,WNV cases
ScV_N,2026-04-30,2026-06-30,0.4,0.02977829810417065,quantile,WNV cases
ScV_N,2026-04-30,2026-06-30,0.45,0.0566808255957383,quantile,WNV cases
ScV_N,2026-04-30,2026-06-30,0.5,0.08358335308730605,quantile,WNV cases
ScV_N,2026-04-30,2026-06-30,0.55,0.1104858805788738,quantile,WNV cases
ScV_N,2026-04-30,2026-06-30,0.6,0.1373884080704416,quantile,WNV cases
ScV_N,2026-04-30,2026-06-30,0.65,0.1642909355620093,quantile,WNV cases
ScV_N,2026-04-30,2026-06-30,0.7,0.2024146169775939,quantile,WNV cases
ScV_N,2026-04-30,2026-06-30,0.75,0.6482273790929433,quantile,WNV cases
ScV_N,2026-04-30,2026-06-30,0.8,1.0682316713766649,quantile,WNV cases
ScV_N,2026-04-30,2026-06-30,0.85,1.2134750364616251,quantile,WNV cases
ScV_N,2026-04-30,2026-06-30,0.9,1.3860865362639498,quantile,WNV cases
ScV_N,2026-04-30,2026-06-30,0.95,2.162435509968455,quantile,WNV cases
ScV_N,2026-04-30,2026-06-30,0.99,3.3143879372161047,quantile,WNV cases
ScV_N,2026-04-30,2026-07-31,0.01,0.0,quantile,WNV cases
ScV_N,2026-04-30,2026-07-31,0.05,0.0,quantile,WNV cases
ScV_N,2026-04-30,2026-07-31,0.1,0.0,quantile,WNV cases
ScV_N,2026-04-30,2026-07-31,0.15,0.0,quantile,WNV cases
ScV_N,2026-04-30,2026-07-31,0.2,0.10938700115530145,quantile,WNV cases
ScV_N,2026-04-30,2026-07-31,0.25,0.7552353637066196,quantile,WNV cases
ScV_N,2026-04-30,2026-07-31,0.3,0.9010837262579376,quantile,WNV cases
ScV_N,2026-04-30,2026-07-31,0.35,1.05349633506896,quantile,WNV cases
ScV_N,2026-04-30,2026-07-31,0.4,1.219744057475163,quantile,WNV cases
ScV_N,2026-04-30,2026-07-31,0.45,1.885991779881366,quantile,WNV cases
ScV_N,2026-04-30,2026-07-31,0.5,2.063864281716577,quantile,WNV cases
ScV_N,2026-04-30,2026-07-31,0.55,2.184868422242273,quantile,WNV cases
ScV_N,2026-04-30,2026-07-31,0.6,2.449492726940555,quantile,WNV cases
ScV_N,2026-04-30,2026-07-31,0.65,3.07257031499186,quantile,WNV cases
ScV_N,2026-04-30,2026-07-31,0.7,3.46510629082008,quantile,WNV cases
ScV_N,2026-04-30,2026-07-31,0.75,3.74580308211732,quantile,WNV cases
ScV_N,2026-04-30,2026-07-31,0.8,4.685762688691677,quantile,WNV cases
ScV_N,2026-04-30,2026-07-31,0.85,5.668627695375797,quantile,WNV cases
ScV_N,2026-04-30,2026-07-31,0.9,6.8410228195784555,quantile,WNV cases
ScV_N,2026-04-30,2026-07-31,0.95,8.46352419228188,quantile,WNV cases
ScV_N,2026-04-30,2026-07-31,0.99,13.930553643516443,quantile,WNV cases
ScV_N,2026-04-30,2026-08-31,0.01,0.0,quantile,WNV cases
ScV_N,2026-04-30,2026-08-31,0.05,0.0,quantile,WNV cases
ScV_N,2026-04-30,2026-08-31,0.1,0.0,quantile,WNV cases
ScV_N,2026-04-30,2026-08-31,0.15,0.3507042211040579,quantile,WNV cases
ScV_N,2026-04-30,2026-08-31,0.2,0.6324272276748135,quantile,WNV cases
ScV_N,2026-04-30,2026-08-31,0.25,0.931908458356565,quantile,WNV cases
ScV_N,2026-04-30,2026-08-31,0.3,1.2737352287533976,quantile,WNV cases
ScV_N,2026-04-30,2026-08-31,0.35,1.632340154888031,quantile,WNV cases
ScV_N,2026-04-30,2026-08-31,0.4,1.9903605440724044,quantile,WNV cases
ScV_N,2026-04-30,2026-08-31,0.45,2.2045335657533993,quantile,WNV cases
ScV_N,2026-04-30,2026-08-31,0.5,2.8823329694547404,quantile,WNV cases
ScV_N,2026-04-30,2026-08-31,0.55,3.161731692976787,quantile,WNV cases
ScV_N,2026-04-30,2026-08-31,0.6,3.418619414739127,quantile,WNV cases
ScV_N,2026-04-30,2026-08-31,0.65,4.213949380031035,quantile,WNV cases
ScV_N,2026-04-30,2026-08-31,0.7,4.533573244389753,quantile,WNV cases
ScV_N,2026-04-30,2026-08-31,0.75,4.921465009011213,quantile,WNV cases
ScV_N,2026-04-30,2026-08-31,0.8,5.886604537866555,quantile,WNV cases
ScV_N,2026-04-30,2026-08-31,0.85,6.467667460281125,quantile,WNV cases
ScV_N,2026-04-30,2026-08-31,0.9,7.79701473248902,quantile,WNV cases
ScV_N,2026-04-30,2026-08-31,0.95,10.178881589323154,quantile,WNV cases
ScV_N,2026-04-30,2026-08-31,0.99,21.679512574557783,quantile,WNV cases
ScV_N,2026-04-30,2026-09-30,0.01,0.0,quantile,WNV cases
ScV_N,2026-04-30,2026-09-30,0.05,0.0,quantile,WNV cases
ScV_N,2026-04-30,2026-09-30,0.1,0.0,quantile,WNV cases
ScV_N,2026-04-30,2026-09-30,0.15,0.0,quantile,WNV cases
ScV_N,2026-04-30,2026-09-30,0.2,0.0,quantile,WNV cases
ScV_N,2026-04-30,2026-09-30,0.25,0.206685556185656,quantile,WNV cases
ScV_N,2026-04-30,2026-09-30,0.3,0.596229508352223,quantile,WNV cases
ScV_N,2026-04-30,2026-09-30,0.35,0.7205224317779706,quantile,WNV cases
ScV_N,2026-04-30,2026-09-30,0.4,0.8477361218891026,quantile,WNV cases
ScV_N,2026-04-30,2026-09-30,0.45,0.9223592413382331,quantile,WNV cases
ScV_N,2026-04-30,2026-09-30,0.5,1.042437220024452,quantile,WNV cases
ScV_N,2026-04-30,2026-09-30,0.55,1.1893156584716458,quantile,WNV cases
ScV_N,2026-04-30,2026-09-30,0.6,1.6478304822244147,quantile,WNV cases
ScV_N,2026-04-30,2026-09-30,0.65,1.8496344618383436,quantile,WNV cases
ScV_N,2026-04-30,2026-09-30,0.7,1.9277182865457099,quantile,WNV cases
ScV_N,2026-04-30,2026-09-30,0.75,1.999999611303425,quantile,WNV cases
ScV_N,2026-04-30,2026-09-30,0.8,2.58967221666678,quantile,WNV cases
ScV_N,2026-04-30,2026-09-30,0.85,2.704395100593225,quantile,WNV cases
ScV_N,2026-04-30,2026-09-30,0.9,3.3660546252564503,quantile,WNV cases
ScV_N,2026-04-30,2026-09-30,0.95,4.146418911453295,quantile,WNV cases
ScV_N,2026-04-30,2026-09-30,0.99,5.836783346013955,quantile,WNV cases
ScV_N,2026-04-30,2026-10-31,0.01,0.0,quantile,WNV cases
ScV_N,2026-04-30,2026-10-31,0.05,0.0,quantile,WNV cases
ScV_N,2026-04-30,2026-10-31,0.1,0.0,quantile,WNV cases
ScV_N,2026-04-30,2026-10-31,0.15,0.0,quantile,WNV cases
ScV_N,2026-04-30,2026-10-31,0.2,0.0,quantile,WNV cases
ScV_N,2026-04-30,2026-10-31,0.25,0.0,quantile,WNV cases
ScV_N,2026-04-30,2026-10-31,0.3,0.0,quantile,WNV cases
ScV_N,2026-04-30,2026-10-31,0.35,0.0,quantile,WNV cases
ScV_N,2026-04-30,2026-10-31,0.4,0.0,quantile,WNV cases
ScV_N,2026-04-30,2026-10-31,0.45,0.0,quantile,WNV cases
ScV_N,2026-04-30,2026-10-31,0.5,0.0,quantile,WNV cases
ScV_N,2026-04-30,2026-10-31,0.55,0.0,quantile,WNV cases
ScV_N,2026-04-30,2026-10-31,0.6,4.932837152497961e-05,quantile,WNV cases
ScV_N,2026-04-30,2026-10-31,0.65,0.0968903031437246,quantile,WNV cases
ScV_N,2026-04-30,2026-10-31,0.7,0.19373127791592445,quantile,WNV cases
ScV_N,2026-04-30,2026-10-31,0.75,0.6176699732972372,quantile,WNV cases
ScV_N,2026-04-30,2026-10-31,0.8,0.8462666411900169,quantile,WNV cases
ScV_N,2026-04-30,2026-10-31,0.85,0.9842542022325238,quantile,WNV cases
ScV_N,2026-04-30,2026-10-31,0.9,1.223611532979744,quantile,WNV cases
ScV_N,2026-04-30,2026-10-31,0.95,1.9906404689028112,quantile,WNV cases
ScV_N,2026-04-30,2026-10-31,0.99,3.238430662995865,quantile,WNV cases
ScV_N,2026-04-30,2026-11-30,0.01,0.0,quantile,WNV cases
ScV_N,2026-04-30,2026-11-30,0.05,0.0,quantile,WNV cases
ScV_N,2026-04-30,2026-11-30,0.1,0.0,quantile,WNV cases
ScV_N,2026-04-30,2026-11-30,0.15,0.0,quantile,WNV cases
ScV_N,2026-04-30,2026-11-30,0.2,0.0,quantile,WNV cases
ScV_N,2026-04-30,2026-11-30,0.25,0.0,quantile,WNV cases
ScV_N,2026-04-30,2026-11-30,0.3,0.0,quantile,WNV cases
ScV_N,2026-04-30,2026-11-30,0.35,0.0,quantile,WNV cases
ScV_N,2026-04-30,2026-11-30,0.4,0.0,quantile,WNV cases
ScV_N,2026-04-30,2026-11-30,0.45,0.0,quantile,WNV cases
ScV_N,2026-04-30,2026-11-30,0.5,0.0,quantile,WNV cases
ScV_N,2026-04-30,2026-11-30,0.55,0.0,quantile,WNV cases
ScV_N,2026-04-30,2026-11-30,0.6,0.0,quantile,WNV cases
ScV_N,2026-04-30,2026-11-30,0.65,0.0,quantile,WNV cases
ScV_N,2026-04-30,2026-11-30,0.7,0.0,quantile,WNV cases
ScV_N,2026-04-30,2026-11-30,0.75,0.0,quantile,WNV cases
ScV_N,2026-04-30,2026-11-30,0.8,0.0,quantile,WNV cases
ScV_N,2026-04-30,2026-11-30,0.85,0.26120173746624054,quantile,WNV cases
ScV_N,2026-04-30,2026-11-30,0.9,0.38504290852935164,quantile,WNV cases
ScV_N,2026-04-30,2026-11-30,0.95,0.6434672241030766,quantile,WNV cases
ScV_N,2026-04-30,2026-11-30,0.99,2.5229113107294268,quantile,WNV cases
ScV_N,2026-04-30,2026-12-31,0.01,0.0,quantile,WNV cases
ScV_N,2026-04-30,2026-12-31,0.05,0.0,quantile,WNV cases
ScV_N,2026-04-30,2026-12-31,0.1,0.0,quantile,WNV cases
ScV_N,2026-04-30,2026-12-31,0.15,0.0,quantile,WNV cases
ScV_N,2026-04-30,2026-12-31,0.2,0.0,quantile,WNV cases
ScV_N,2026-04-30,2026-12-31,0.25,0.0,quantile,WNV cases
ScV_N,2026-04-30,2026-12-31,0.3,0.0,quantile,WNV cases
ScV_N,2026-04-30,2026-12-31,0.35,0.0,quantile,WNV cases
ScV_N,2026-04-30,2026-12-31,0.4,0.0,quantile,WNV cases
ScV_N,2026-04-30,2026-12-31,0.45,0.0,quantile,WNV cases
ScV_N,2026-04-30,2026-12-31,0.5,0.0,quantile,WNV cases
ScV_N,2026-04-30,2026-12-31,0.55,0.0,quantile,WNV cases
ScV_N,2026-04-30,2026-12-31,0.6,0.0,quantile,WNV cases
ScV_N,2026-04-30,2026-12-31,0.65,0.0,quantile,WNV cases
ScV_N,2026-04-30,2026-12-31,0.7,0.0,quantile,WNV cases
ScV_N,2026-04-30,2026-12-31,0.75,0.0,quantile,WNV cases
ScV_N,2026-04-30,2026-12-31,0.8,0.0,quantile,WNV cases
ScV_N,2026-04-30,2026-12-31,0.85,0.0,quantile,WNV cases
ScV_N,2026-04-30,2026-12-31,0.9,0.0,quantile,WNV cases
ScV_N,2026-04-30,2026-12-31,0.95,0.5528681200279182,quantile,WNV cases
ScV_N,2026-04-30,2026-12-31,0.99,0.9551658951516988,quantile,WNV cases
ScV_S,2026-04-30,2026-05-31,0.01,0.0,quantile,WNV cases
ScV_S,2026-04-30,2026-05-31,0.05,0.0,quantile,WNV cases
ScV_S,2026-04-30,2026-05-31,0.1,0.0,quantile,WNV cases
ScV_S,2026-04-30,2026-05-31,0.15,0.0,quantile,WNV cases
ScV_S,2026-04-30,2026-05-31,0.2,0.0,quantile,WNV cases
ScV_S,2026-04-30,2026-05-31,0.25,0.0,quantile,WNV cases
ScV_S,2026-04-30,2026-05-31,0.3,0.0,quantile,WNV cases
ScV_S,2026-04-30,2026-05-31,0.35,0.0,quantile,WNV cases
ScV_S,2026-04-30,2026-05-31,0.4,0.0,quantile,WNV cases
ScV_S,2026-04-30,2026-05-31,0.45,0.0,quantile,WNV cases
ScV_S,2026-04-30,2026-05-31,0.5,0.0,quantile,WNV cases
ScV_S,2026-04-30,2026-05-31,0.55,0.0,quantile,WNV cases
ScV_S,2026-04-30,2026-05-31,0.6,0.0,quantile,WNV cases
ScV_S,2026-04-30,2026-05-31,0.65,0.0,quantile,WNV cases
ScV_S,2026-04-30,2026-05-31,0.7,0.0,quantile,WNV cases
ScV_S,2026-04-30,2026-05-31,0.75,0.0,quantile,WNV cases
ScV_S,2026-04-30,2026-05-31,0.8,0.0,quantile,WNV cases
ScV_S,2026-04-30,2026-05-31,0.85,0.1461094088734737,quantile,WNV cases
ScV_S,2026-04-30,2026-05-31,0.9,0.1739240350599432,quantile,WNV cases
ScV_S,2026-04-30,2026-05-31,0.95,0.3732054448763962,quantile,WNV cases
ScV_S,2026-04-30,2026-05-31,0.99,1.4623600076359475,quantile,WNV cases
ScV_S,2026-04-30,2026-06-30,0.01,0.0,quantile,WNV cases
ScV_S,2026-04-30,2026-06-30,0.05,0.0,quantile,WNV cases
ScV_S,2026-04-30,2026-06-30,0.1,0.0,quantile,WNV cases
ScV_S,2026-04-30,2026-06-30,0.15,0.0,quantile,WNV cases
ScV_S,2026-04-30,2026-06-30,0.2,0.0,quantile,WNV cases
ScV_S,2026-04-30,2026-06-30,0.25,0.0,quantile,WNV cases
ScV_S,2026-04-30,2026-06-30,0.3,0.0,quantile,WNV cases
ScV_S,2026-04-30,2026-06-30,0.35,0.0,quantile,WNV cases
ScV_S,2026-04-30,2026-06-30,0.4,0.0,quantile,WNV cases
ScV_S,2026-04-30,2026-06-30,0.45,0.0,quantile,WNV cases
ScV_S,2026-04-30,2026-06-30,0.5,0.0,quantile,WNV cases
ScV_S,2026-04-30,2026-06-30,0.55,0.0,quantile,WNV cases
ScV_S,2026-04-30,2026-06-30,0.6,0.0,quantile,WNV cases
ScV_S,2026-04-30,2026-06-30,0.65,0.03819155510727265,quantile,WNV cases
ScV_S,2026-04-30,2026-06-30,0.7,0.47352960178041015,quantile,WNV cases
ScV_S,2026-04-30,2026-06-30,0.75,0.5917539255728936,quantile,WNV cases
ScV_S,2026-04-30,2026-06-30,0.8,0.6185351108057041,quantile,WNV cases
ScV_S,2026-04-30,2026-06-30,0.85,0.7067982468272501,quantile,WNV cases
ScV_S,2026-04-30,2026-06-30,0.9,1.2921426451264901,quantile,WNV cases
ScV_S,2026-04-30,2026-06-30,0.95,1.7072310344479842,quantile,WNV cases
ScV_S,2026-04-30,2026-06-30,0.99,2.8551254983449685,quantile,WNV cases
ScV_S,2026-04-30,2026-07-31,0.01,0.0,quantile,WNV cases
ScV_S,2026-04-30,2026-07-31,0.05,0.0,quantile,WNV cases
ScV_S,2026-04-30,2026-07-31,0.1,0.0,quantile,WNV cases
ScV_S,2026-04-30,2026-07-31,0.15,0.0,quantile,WNV cases
ScV_S,2026-04-30,2026-07-31,0.2,0.07312318002018975,quantile,WNV cases
ScV_S,2026-04-30,2026-07-31,0.25,0.36113461966092764,quantile,WNV cases
ScV_S,2026-04-30,2026-07-31,0.3,0.49196500848968194,quantile,WNV cases
ScV_S,2026-04-30,2026-07-31,0.35,0.6128328565443768,quantile,WNV cases
ScV_S,2026-04-30,2026-07-31,0.4,0.7320832185421012,quantile,WNV cases
ScV_S,2026-04-30,2026-07-31,0.45,0.9099084188658841,quantile,WNV cases
ScV_S,2026-04-30,2026-07-31,0.5,1.1037700849949919,quantile,WNV cases
ScV_S,2026-04-30,2026-07-31,0.55,1.3174553253479497,quantile,WNV cases
ScV_S,2026-04-30,2026-07-31,0.6,1.5987653684884493,quantile,WNV cases
ScV_S,2026-04-30,2026-07-31,0.65,1.955908715486073,quantile,WNV cases
ScV_S,2026-04-30,2026-07-31,0.7,2.441408574875973,quantile,WNV cases
ScV_S,2026-04-30,2026-07-31,0.75,3.0875189324532135,quantile,WNV cases
ScV_S,2026-04-30,2026-07-31,0.8,3.9962245792099624,quantile,WNV cases
ScV_S,2026-04-30,2026-07-31,0.85,5.2461967235346165,quantile,WNV cases
ScV_S,2026-04-30,2026-07-31,0.9,7.218950788279127,quantile,WNV cases
ScV_S,2026-04-30,2026-07-31,0.95,10.151165375200765,quantile,WNV cases
ScV_S,2026-04-30,2026-07-31,0.99,22.66848385336049,quantile,WNV cases
ScV_S,2026-04-30,2026-08-31,0.01,0.0,quantile,WNV cases
ScV_S,2026-04-30,2026-08-31,0.05,0.0,quantile,WNV cases
ScV_S,2026-04-30,2026-08-31,0.1,0.4464952491355775,quantile,WNV cases
ScV_S,2026-04-30,2026-08-31,0.15,0.618319212285785,quantile,WNV cases
ScV_S,2026-04-30,2026-08-31,0.2,1.30092065505746,quantile,WNV cases
ScV_S,2026-04-30,2026-08-31,0.25,1.4999968651710849,quantile,WNV cases
ScV_S,2026-04-30,2026-08-31,0.3,1.718310463010385,quantile,WNV cases
ScV_S,2026-04-30,2026-08-31,0.35,1.955329261363435,quantile,WNV cases
ScV_S,2026-04-30,2026-08-31,0.4,2.7156579297592547,quantile,WNV cases
ScV_S,2026-04-30,2026-08-31,0.45,3.010005189270835,quantile,WNV cases
ScV_S,2026-04-30,2026-08-31,0.5,3.344434530111385,quantile,WNV cases
ScV_S,2026-04-30,2026-08-31,0.55,3.933995170666455,quantile,WNV cases
ScV_S,2026-04-30,2026-08-31,0.6,4.9317060226787355,quantile,WNV cases
ScV_S,2026-04-30,2026-08-31,0.65,5.46353797597331,quantile,WNV cases
ScV_S,2026-04-30,2026-08-31,0.7,6.599313091078827,quantile,WNV cases
ScV_S,2026-04-30,2026-08-31,0.75,8.142117305986563,quantile,WNV cases
ScV_S,2026-04-30,2026-08-31,0.8,9.871185881551277,quantile,WNV cases
ScV_S,2026-04-30,2026-08-31,0.85,11.259179669328724,quantile,WNV cases
ScV_S,2026-04-30,2026-08-31,0.9,13.206967204446723,quantile,WNV cases
ScV_S,2026-04-30,2026-08-31,0.95,18.190504208557083,quantile,WNV cases
ScV_S,2026-04-30,2026-08-31,0.99,37.97564068162978,quantile,WNV cases
ScV_S,2026-04-30,2026-09-30,0.01,0.0,quantile,WNV cases
ScV_S,2026-04-30,2026-09-30,0.05,0.1570991616475955,quantile,WNV cases
ScV_S,2026-04-30,2026-09-30,0.1,0.242337120538345,quantile,WNV cases
ScV_S,2026-04-30,2026-09-30,0.15,0.5355254443386963,quantile,WNV cases
ScV_S,2026-04-30,2026-09-30,0.2,1.3840995722760885,quantile,WNV cases
ScV_S,2026-04-30,2026-09-30,0.25,1.6362162435624819,quantile,WNV cases
ScV_S,2026-04-30,2026-09-30,0.3,1.8514953556222564,quantile,WNV cases
ScV_S,2026-04-30,2026-09-30,0.35,2.573164180301478,quantile,WNV cases
ScV_S,2026-04-30,2026-09-30,0.4,2.809043556306177,quantile,WNV cases
ScV_S,2026-04-30,2026-09-30,0.45,3.0510059479431946,quantile,WNV cases
ScV_S,2026-04-30,2026-09-30,0.5,3.8188257574362687,quantile,WNV cases
ScV_S,2026-04-30,2026-09-30,0.55,4.1005640218847965,quantile,WNV cases
ScV_S,2026-04-30,2026-09-30,0.6,4.911405512540707,quantile,WNV cases
ScV_S,2026-04-30,2026-09-30,0.65,5.2489653070264914,quantile,WNV cases
ScV_S,2026-04-30,2026-09-30,0.7,5.960572252485891,quantile,WNV cases
ScV_S,2026-04-30,2026-09-30,0.75,6.682229723952549,quantile,WNV cases
ScV_S,2026-04-30,2026-09-30,0.8,7.91517975462215,quantile,WNV cases
ScV_S,2026-04-30,2026-09-30,0.85,9.416722767401659,quantile,WNV cases
ScV_S,2026-04-30,2026-09-30,0.9,11.989377421325994,quantile,WNV cases
ScV_S,2026-04-30,2026-09-30,0.95,16.10846929382148,quantile,WNV cases
ScV_S,2026-04-30,2026-09-30,0.99,29.254619537554806,quantile,WNV cases
ScV_S,2026-04-30,2026-10-31,0.01,0.0,quantile,WNV cases
ScV_S,2026-04-30,2026-10-31,0.05,0.0,quantile,WNV cases
ScV_S,2026-04-30,2026-10-31,0.1,0.0,quantile,WNV cases
ScV_S,2026-04-30,2026-10-31,0.15,0.0,quantile,WNV cases
ScV_S,2026-04-30,2026-10-31,0.2,0.0,quantile,WNV cases
ScV_S,2026-04-30,2026-10-31,0.25,0.0,quantile,WNV cases
ScV_S,2026-04-30,2026-10-31,0.3,0.10680967726439114,quantile,WNV cases
ScV_S,2026-04-30,2026-10-31,0.35,0.5910455557769947,quantile,WNV cases
ScV_S,2026-04-30,2026-10-31,0.4,0.7359364565077562,quantile,WNV cases
ScV_S,2026-04-30,2026-10-31,0.45,0.8907158286471393,quantile,WNV cases
ScV_S,2026-04-30,2026-10-31,0.5,1.0290303787512252,quantile,WNV cases
ScV_S,2026-04-30,2026-10-31,0.55,1.0944210023836516,quantile,WNV cases
ScV_S,2026-04-30,2026-10-31,0.6,1.2000402372463934,quantile,WNV cases
ScV_S,2026-04-30,2026-10-31,0.65,1.7134750364616251,quantile,WNV cases
ScV_S,2026-04-30,2026-10-31,0.7,1.78231845139826,quantile,WNV cases
ScV_S,2026-04-30,2026-10-31,0.75,1.85829735572042,quantile,WNV cases
ScV_S,2026-04-30,2026-10-31,0.8,1.9470379333018402,quantile,WNV cases
ScV_S,2026-04-30,2026-10-31,0.85,2.7092341054963747,quantile,WNV cases
ScV_S,2026-04-30,2026-10-31,0.9,3.8376644349475604,quantile,WNV cases
ScV_S,2026-04-30,2026-10-31,0.95,5.300756711043061,quantile,WNV cases
ScV_S,2026-04-30,2026-10-31,0.99,8.119721859921748,quantile,WNV cases
ScV_S,2026-04-30,2026-11-30,0.01,0.0,quantile,WNV cases
ScV_S,2026-04-30,2026-11-30,0.05,0.0,quantile,WNV cases
ScV_S,2026-04-30,2026-11-30,0.1,0.0,quantile,WNV cases
ScV_S,2026-04-30,2026-11-30,0.15,0.0,quantile,WNV cases
ScV_S,2026-04-30,2026-11-30,0.2,0.0,quantile,WNV cases
ScV_S,2026-04-30,2026-11-30,0.25,0.0,quantile,WNV cases
ScV_S,2026-04-30,2026-11-30,0.3,0.0,quantile,WNV cases
ScV_S,2026-04-30,2026-11-30,0.35,0.0,quantile,WNV cases
ScV_S,2026-04-30,2026-11-30,0.4,0.0,quantile,WNV cases
ScV_S,2026-04-30,2026-11-30,0.45,0.0,quantile,WNV cases
ScV_S,2026-04-30,2026-11-30,0.5,0.0,quantile,WNV cases
ScV_S,2026-04-30,2026-11-30,0.55,0.0,quantile,WNV cases
ScV_S,2026-04-30,2026-11-30,0.6,0.0,quantile,WNV cases
ScV_S,2026-04-30,2026-11-30,0.65,0.0,quantile,WNV cases
ScV_S,2026-04-30,2026-11-30,0.7,0.0,quantile,WNV cases
ScV_S,2026-04-30,2026-11-30,0.75,0.0,quantile,WNV cases
ScV_S,2026-04-30,2026-11-30,0.8,0.0,quantile,WNV cases
ScV_S,2026-04-30,2026-11-30,0.85,0.0,quantile,WNV cases
ScV_S,2026-04-30,2026-11-30,0.9,0.7139576433106518,quantile,WNV cases
ScV_S,2026-04-30,2026-11-30,0.95,0.9470212081407339,quantile,WNV cases
ScV_S,2026-04-30,2026-11-30,0.99,2.52917834685387,quantile,WNV cases
ScV_S,2026-04-30,2026-12-31,0.01,0.0,quantile,WNV cases
ScV_S,2026-04-30,2026-12-31,0.05,0.0,quantile,WNV cases
ScV_S,2026-04-30,2026-12-31,0.1,0.0,quantile,WNV cases
ScV_S,2026-04-30,2026-12-31,0.15,0.0,quantile,WNV cases
ScV_S,2026-04-30,2026-12-31,0.2,0.0,quantile,WNV cases
ScV_S,2026-04-30,2026-12-31,0.25,0.0,quantile,WNV cases
ScV_S,2026-04-30,2026-12-31,0.3,0.0,quantile,WNV cases
ScV_S,2026-04-30,2026-12-31,0.35,0.0,quantile,WNV cases
ScV_S,2026-04-30,2026-12-31,0.4,0.0,quantile,WNV cases
ScV_S,2026-04-30,2026-12-31,0.45,0.0,quantile,WNV cases
ScV_S,2026-04-30,2026-12-31,0.5,0.0,quantile,WNV cases
ScV_S,2026-04-30,2026-12-31,0.55,0.0,quantile,WNV cases
ScV_S,2026-04-30,2026-12-31,0.6,0.0,quantile,WNV cases
ScV_S,2026-04-30,2026-12-31,0.65,0.0,quantile,WNV cases
ScV_S,2026-04-30,2026-12-31,0.7,0.0,quantile,WNV cases
ScV_S,2026-04-30,2026-12-31,0.75,0.0,quantile,WNV cases
ScV_S,2026-04-30,2026-12-31,0.8,0.0,quantile,WNV cases
ScV_S,2026-04-30,2026-12-31,0.85,0.3722711332954679,quantile,WNV cases
ScV_S,2026-04-30,2026-12-31,0.9,0.3985807583664388,quantile,WNV cases
ScV_S,2026-04-30,2026-12-31,0.95,0.49907937611196207,quantile,WNV cases
ScV_S,2026-04-30,2026-12-31,0.99,0.8828290700096056,quantile,WNV cases
SnJ_N,2026-04-30,2026-05-31,0.01,0.0,quantile,WNV cases
SnJ_N,2026-04-30,2026-05-31,0.05,0.0,quantile,WNV cases
SnJ_N,2026-04-30,2026-05-31,0.1,0.0,quantile,WNV cases
SnJ_N,2026-04-30,2026-05-31,0.15,0.0,quantile,WNV cases
SnJ_N,2026-04-30,2026-05-31,0.2,0.0,quantile,WNV cases
SnJ_N,2026-04-30,2026-05-31,0.25,0.0,quantile,WNV cases
SnJ_N,2026-04-30,2026-05-31,0.3,0.0,quantile,WNV cases
SnJ_N,2026-04-30,2026-05-31,0.35,0.0,quantile,WNV cases
SnJ_N,2026-04-30,2026-05-31,0.4,0.0,quantile,WNV cases
SnJ_N,2026-04-30,2026-05-31,0.45,0.0,quantile,WNV cases
SnJ_N,2026-04-30,2026-05-31,0.5,0.0,quantile,WNV cases
SnJ_N,2026-04-30,2026-05-31,0.55,0.0,quantile,WNV cases
SnJ_N,2026-04-30,2026-05-31,0.6,0.0,quantile,WNV cases
SnJ_N,2026-04-30,2026-05-31,0.65,0.0,quantile,WNV cases
SnJ_N,2026-04-30,2026-05-31,0.7,0.0,quantile,WNV cases
SnJ_N,2026-04-30,2026-05-31,0.75,0.5,quantile,WNV cases
SnJ_N,2026-04-30,2026-05-31,0.8,0.5,quantile,WNV cases
SnJ_N,2026-04-30,2026-05-31,0.85,0.5907862385492008,quantile,WNV cases
SnJ_N,2026-04-30,2026-05-31,0.9,0.7582300187767277,quantile,WNV cases
SnJ_N,2026-04-30,2026-05-31,0.95,1.7134750364616251,quantile,WNV cases
SnJ_N,2026-04-30,2026-05-31,0.99,2.866055025215495,quantile,WNV cases
SnJ_N,2026-04-30,2026-06-30,0.01,0.0,quantile,WNV cases
SnJ_N,2026-04-30,2026-06-30,0.05,0.0,quantile,WNV cases
SnJ_N,2026-04-30,2026-06-30,0.1,0.0,quantile,WNV cases
SnJ_N,2026-04-30,2026-06-30,0.15,0.0,quantile,WNV cases
SnJ_N,2026-04-30,2026-06-30,0.2,0.0,quantile,WNV cases
SnJ_N,2026-04-30,2026-06-30,0.25,0.0,quantile,WNV cases
SnJ_N,2026-04-30,2026-06-30,0.3,0.0,quantile,WNV cases
SnJ_N,2026-04-30,2026-06-30,0.35,0.0,quantile,WNV cases
SnJ_N,2026-04-30,2026-06-30,0.4,0.0,quantile,WNV cases
SnJ_N,2026-04-30,2026-06-30,0.45,0.0,quantile,WNV cases
SnJ_N,2026-04-30,2026-06-30,0.5,0.0,quantile,WNV cases
SnJ_N,2026-04-30,2026-06-30,0.55,0.3049706167227625,quantile,WNV cases
SnJ_N,2026-04-30,2026-06-30,0.6,0.3636408102702877,quantile,WNV cases
SnJ_N,2026-04-30,2026-06-30,0.65,0.3954980115878255,quantile,WNV cases
SnJ_N,2026-04-30,2026-06-30,0.7,0.4708416243311293,quantile,WNV cases
SnJ_N,2026-04-30,2026-06-30,0.75,0.6113335479131363,quantile,WNV cases
SnJ_N,2026-04-30,2026-06-30,0.8,0.991069615540439,quantile,WNV cases
SnJ_N,2026-04-30,2026-06-30,0.85,1.022926816857977,quantile,WNV cases
SnJ_N,2026-04-30,2026-06-30,0.9,1.0547840181755148,quantile,WNV cases
SnJ_N,2026-04-30,2026-06-30,0.95,2.366055025215495,quantile,WNV cases
SnJ_N,2026-04-30,2026-06-30,0.99,3.53136057332195,quantile,WNV cases
SnJ_N,2026-04-30,2026-07-31,0.01,0.0,quantile,WNV cases
SnJ_N,2026-04-30,2026-07-31,0.05,0.5,quantile,WNV cases
SnJ_N,2026-04-30,2026-07-31,0.1,0.6424428459456575,quantile,WNV cases
SnJ_N,2026-04-30,2026-07-31,0.15,1.3819805334399349,quantile,WNV cases
SnJ_N,2026-04-30,2026-07-31,0.2,1.6410764995026885,quantile,WNV cases
SnJ_N,2026-04-30,2026-07-31,0.25,2.3973401435396737,quantile,WNV cases
SnJ_N,2026-04-30,2026-07-31,0.3,2.661075534367761,quantile,WNV cases
SnJ_N,2026-04-30,2026-07-31,0.35,2.9298046070912234,quantile,WNV cases
SnJ_N,2026-04-30,2026-07-31,0.4,3.715699892374502,quantile,WNV cases
SnJ_N,2026-04-30,2026-07-31,0.45,4.008532529978528,quantile,WNV cases
SnJ_N,2026-04-30,2026-07-31,0.5,4.833558074954954,quantile,WNV cases
SnJ_N,2026-04-30,2026-07-31,0.55,5.179261989637288,quantile,WNV cases
SnJ_N,2026-04-30,2026-07-31,0.6,6.05338377977418,quantile,WNV cases
SnJ_N,2026-04-30,2026-07-31,0.65,6.473654045075039,quantile,WNV cases
SnJ_N,2026-04-30,2026-07-31,0.7,7.453904055690074,quantile,WNV cases
SnJ_N,2026-04-30,2026-07-31,0.75,8.009984875988016,quantile,WNV cases
SnJ_N,2026-04-30,2026-07-31,0.8,9.033213605628202,quantile,WNV cases
SnJ_N,2026-04-30,2026-07-31,0.85,9.69409693354267,quantile,WNV cases
SnJ_N,2026-04-30,2026-07-31,0.9,11.96135710547805,quantile,WNV cases
SnJ_N,2026-04-30,2026-07-31,0.95,16.112832547311445,quantile,WNV cases
SnJ_N,2026-04-30,2026-07-31,0.99,28.875875629095567,quantile,WNV cases
SnJ_N,2026-04-30,2026-08-31,0.01,0.0,quantile,WNV cases
SnJ_N,2026-04-30,2026-08-31,0.05,0.0,quantile,WNV cases
SnJ_N,2026-04-30,2026-08-31,0.1,0.6793892067380077,quantile,WNV cases
SnJ_N,2026-04-30,2026-08-31,0.15,0.9685802922782004,quantile,WNV cases
SnJ_N,2026-04-30,2026-08-31,0.2,1.5762837314106952,quantile,WNV cases
SnJ_N,2026-04-30,2026-08-31,0.25,2.2972004918063567,quantile,WNV cases
SnJ_N,2026-04-30,2026-08-31,0.3,2.826027281081288,quantile,WNV cases
SnJ_N,2026-04-30,2026-08-31,0.35,3.277633360820619,quantile,WNV cases
SnJ_N,2026-04-30,2026-08-31,0.4,3.6599344264286704,quantile,WNV cases
SnJ_N,2026-04-30,2026-08-31,0.45,4.062696416420867,quantile,WNV cases
SnJ_N,2026-04-30,2026-08-31,0.5,4.481941000599589,quantile,WNV cases
SnJ_N,2026-04-30,2026-08-31,0.55,4.930480965626062,quantile,WNV cases
SnJ_N,2026-04-30,2026-08-31,0.6,5.420478406005525,quantile,WNV cases
SnJ_N,2026-04-30,2026-08-31,0.65,5.954692186401262,quantile,WNV cases
SnJ_N,2026-04-30,2026-08-31,0.7,6.6253172100014215,quantile,WNV cases
SnJ_N,2026-04-30,2026-08-31,0.75,7.456034812099585,quantile,WNV cases
SnJ_N,2026-04-30,2026-08-31,0.8,8.677004800830417,quantile,WNV cases
SnJ_N,2026-04-30,2026-08-31,0.85,10.402262989599334,quantile,WNV cases
SnJ_N,2026-04-30,2026-08-31,0.9,12.903793850406103,quantile,WNV cases
SnJ_N,2026-04-30,2026-08-31,0.95,19.58617987445387,quantile,WNV cases
SnJ_N,2026-04-30,2026-08-31,0.99,40.012704314089355,quantile,WNV cases
SnJ_N,2026-04-30,2026-09-30,0.01,0.0,quantile,WNV cases
SnJ_N,2026-04-30,2026-09-30,0.05,0.3324828958114345,quantile,WNV cases
SnJ_N,2026-04-30,2026-09-30,0.1,1.507142303059845,quantile,WNV cases
SnJ_N,2026-04-30,2026-09-30,0.15,1.663286352007605,quantile,WNV cases
SnJ_N,2026-04-30,2026-09-30,0.2,2.31726857425414,quantile,WNV cases
SnJ_N,2026-04-30,2026-09-30,0.25,2.475601737188505,quantile,WNV cases
SnJ_N,2026-04-30,2026-09-30,0.3,3.143101709273275,quantile,WNV cases
SnJ_N,2026-04-30,2026-09-30,0.35,3.3244963035404,quantile,WNV cases
SnJ_N,2026-04-30,2026-09-30,0.4,3.520888301211905,quantile,WNV cases
SnJ_N,2026-04-30,2026-09-30,0.45,4.23591538237972,quantile,WNV cases
SnJ_N,2026-04-30,2026-09-30,0.5,4.47574029455603,quantile,WNV cases
SnJ_N,2026-04-30,2026-09-30,0.55,5.35712709085374,quantile,WNV cases
SnJ_N,2026-04-30,2026-09-30,0.6,5.85706320701894,quantile,WNV cases
SnJ_N,2026-04-30,2026-09-30,0.65,6.7643519437125,quantile,WNV cases
SnJ_N,2026-04-30,2026-09-30,0.7,7.09710275580579,quantile,WNV cases
SnJ_N,2026-04-30,2026-09-30,0.75,7.99999779842791,quantile,WNV cases
SnJ_N,2026-04-30,2026-09-30,0.8,9.079991204766667,quantile,WNV cases
SnJ_N,2026-04-30,2026-09-30,0.85,11.000339104676407,quantile,WNV cases
SnJ_N,2026-04-30,2026-09-30,0.9,14.532727230950474,quantile,WNV cases
SnJ_N,2026-04-30,2026-09-30,0.95,19.711414412288885,quantile,WNV cases
SnJ_N,2026-04-30,2026-09-30,0.99,33.6893140979706,quantile,WNV cases
SnJ_N,2026-04-30,2026-10-31,0.01,0.0,quantile,WNV cases
SnJ_N,2026-04-30,2026-10-31,0.05,0.0,quantile,WNV cases
SnJ_N,2026-04-30,2026-10-31,0.1,0.0,quantile,WNV cases
SnJ_N,2026-04-30,2026-10-31,0.15,0.0,quantile,WNV cases
SnJ_N,2026-04-30,2026-10-31,0.2,0.0,quantile,WNV cases
SnJ_N,2026-04-30,2026-10-31,0.25,0.0,quantile,WNV cases
SnJ_N,2026-04-30,2026-10-31,0.3,0.0,quantile,WNV cases
SnJ_N,2026-04-30,2026-10-31,0.35,0.0,quantile,WNV cases
SnJ_N,2026-04-30,2026-10-31,0.4,0.0,quantile,WNV cases
SnJ_N,2026-04-30,2026-10-31,0.45,0.3259156929685237,quantile,WNV cases
SnJ_N,2026-04-30,2026-10-31,0.5,0.8938789752946046,quantile,WNV cases
SnJ_N,2026-04-30,2026-10-31,0.55,1.0,quantile,WNV cases
SnJ_N,2026-04-30,2026-10-31,0.6,1.11208034874689,quantile,WNV cases
SnJ_N,2026-04-30,2026-10-31,0.65,1.2357890817032549,quantile,WNV cases
SnJ_N,2026-04-30,2026-10-31,0.7,1.3757293853032548,quantile,WNV cases
SnJ_N,2026-04-30,2026-10-31,0.75,1.7008543873878477,quantile,WNV cases
SnJ_N,2026-04-30,2026-10-31,0.8,2.236296384879275,quantile,WNV cases
SnJ_N,2026-04-30,2026-10-31,0.85,2.5,quantile,WNV cases
SnJ_N,2026-04-30,2026-10-31,0.9,3.2256788813616213,quantile,WNV cases
SnJ_N,2026-04-30,2026-10-31,0.95,4.475036031259434,quantile,WNV cases
SnJ_N,2026-04-30,2026-10-31,0.99,7.79818708971385,quantile,WNV cases
SnJ_N,2026-04-30,2026-11-30,0.01,0.0,quantile,WNV cases
SnJ_N,2026-04-30,2026-11-30,0.05,0.0,quantile,WNV cases
SnJ_N,2026-04-30,2026-11-30,0.1,0.0,quantile,WNV cases
SnJ_N,2026-04-30,2026-11-30,0.15,0.0,quantile,WNV cases
SnJ_N,2026-04-30,2026-11-30,0.2,0.0,quantile,WNV cases
SnJ_N,2026-04-30,2026-11-30,0.25,0.0,quantile,WNV cases
SnJ_N,2026-04-30,2026-11-30,0.3,0.0,quantile,WNV cases
SnJ_N,2026-04-30,2026-11-30,0.35,0.0,quantile,WNV cases
SnJ_N,2026-04-30,2026-11-30,0.4,0.0,quantile,WNV cases
SnJ_N,2026-04-30,2026-11-30,0.45,0.0,quantile,WNV cases
SnJ_N,2026-04-30,2026-11-30,0.5,0.0,quantile,WNV cases
SnJ_N,2026-04-30,2026-11-30,0.55,0.0,quantile,WNV cases
SnJ_N,2026-04-30,2026-11-30,0.6,0.0,quantile,WNV cases
SnJ_N,2026-04-30,2026-11-30,0.65,0.0,quantile,WNV cases
SnJ_N,2026-04-30,2026-11-30,0.7,0.0,quantile,WNV cases
SnJ_N,2026-04-30,2026-11-30,0.75,0.0,quantile,WNV cases
SnJ_N,2026-04-30,2026-11-30,0.8,0.5,quantile,WNV cases
SnJ_N,2026-04-30,2026-11-30,0.85,0.9999999999999996,quantile,WNV cases
SnJ_N,2026-04-30,2026-11-30,0.9,1.2134750364616251,quantile,WNV cases
SnJ_N,2026-04-30,2026-11-30,0.95,2.0,quantile,WNV cases
SnJ_N,2026-04-30,2026-11-30,0.99,3.146419321583735,quantile,WNV cases
SnJ_N,2026-04-30,2026-12-31,0.01,0.0,quantile,WNV cases
SnJ_N,2026-04-30,2026-12-31,0.05,0.0,quantile,WNV cases
SnJ_N,2026-04-30,2026-12-31,0.1,0.0,quantile,WNV cases
SnJ_N,2026-04-30,2026-12-31,0.15,0.0,quantile,WNV cases
SnJ_N,2026-04-30,2026-12-31,0.2,0.0,quantile,WNV cases
SnJ_N,2026-04-30,2026-12-31,0.25,0.0,quantile,WNV cases
SnJ_N,2026-04-30,2026-12-31,0.3,0.0,quantile,WNV cases
SnJ_N,2026-04-30,2026-12-31,0.35,0.0,quantile,WNV cases
SnJ_N,2026-04-30,2026-12-31,0.4,0.0,quantile,WNV cases
SnJ_N,2026-04-30,2026-12-31,0.45,0.0,quantile,WNV cases
SnJ_N,2026-04-30,2026-12-31,0.5,0.0,quantile,WNV cases
SnJ_N,2026-04-30,2026-12-31,0.55,0.0,quantile,WNV cases
SnJ_N,2026-04-30,2026-12-31,0.6,0.0,quantile,WNV cases
SnJ_N,2026-04-30,2026-12-31,0.65,0.0,quantile,WNV cases
SnJ_N,2026-04-30,2026-12-31,0.7,0.0,quantile,WNV cases
SnJ_N,2026-04-30,2026-12-31,0.75,0.0,quantile,WNV cases
SnJ_N,2026-04-30,2026-12-31,0.8,0.0,quantile,WNV cases
SnJ_N,2026-04-30,2026-12-31,0.85,0.0,quantile,WNV cases
SnJ_N,2026-04-30,2026-12-31,0.9,0.3596542550518128,quantile,WNV cases
SnJ_N,2026-04-30,2026-12-31,0.95,0.660136598737961,quantile,WNV cases
SnJ_N,2026-04-30,2026-12-31,0.99,1.4947090581185245,quantile,WNV cases
SnJ_S,2026-04-30,2026-05-31,0.01,0.0,quantile,WNV cases
SnJ_S,2026-04-30,2026-05-31,0.05,0.0,quantile,WNV cases
SnJ_S,2026-04-30,2026-05-31,0.1,0.0,quantile,WNV cases
SnJ_S,2026-04-30,2026-05-31,0.15,0.0,quantile,WNV cases
SnJ_S,2026-04-30,2026-05-31,0.2,0.0,quantile,WNV cases
SnJ_S,2026-04-30,2026-05-31,0.25,0.0,quantile,WNV cases
SnJ_S,2026-04-30,2026-05-31,0.3,0.0,quantile,WNV cases
SnJ_S,2026-04-30,2026-05-31,0.35,0.0,quantile,WNV cases
SnJ_S,2026-04-30,2026-05-31,0.4,0.0,quantile,WNV cases
SnJ_S,2026-04-30,2026-05-31,0.45,0.0,quantile,WNV cases
SnJ_S,2026-04-30,2026-05-31,0.5,0.0,quantile,WNV cases
SnJ_S,2026-04-30,2026-05-31,0.55,0.0,quantile,WNV cases
SnJ_S,2026-04-30,2026-05-31,0.6,0.0,quantile,WNV cases
SnJ_S,2026-04-30,2026-05-31,0.65,0.0,quantile,WNV cases
SnJ_S,2026-04-30,2026-05-31,0.7,0.0,quantile,WNV cases
SnJ_S,2026-04-30,2026-05-31,0.75,0.0715244109036846,quantile,WNV cases
SnJ_S,2026-04-30,2026-05-31,0.8,0.8065584267991455,quantile,WNV cases
SnJ_S,2026-04-30,2026-05-31,0.85,1.124520394144235,quantile,WNV cases
SnJ_S,2026-04-30,2026-05-31,0.9,1.3116368113468,quantile,WNV cases
SnJ_S,2026-04-30,2026-05-31,0.95,2.08967261665519,quantile,WNV cases
SnJ_S,2026-04-30,2026-05-31,0.99,3.238430662995865,quantile,WNV cases
SnJ_S,2026-04-30,2026-06-30,0.01,0.0,quantile,WNV cases
SnJ_S,2026-04-30,2026-06-30,0.05,0.0,quantile,WNV cases
SnJ_S,2026-04-30,2026-06-30,0.1,0.1529881976129682,quantile,WNV cases
SnJ_S,2026-04-30,2026-06-30,0.15,0.250999428994397,quantile,WNV cases
SnJ_S,2026-04-30,2026-06-30,0.2,0.3191306605890111,quantile,WNV cases
SnJ_S,2026-04-30,2026-06-30,0.25,0.3501593085589273,quantile,WNV cases
SnJ_S,2026-04-30,2026-06-30,0.3,0.3811879565288435,quantile,WNV cases
SnJ_S,2026-04-30,2026-06-30,0.35,0.41221660449875974,quantile,WNV cases
SnJ_S,2026-04-30,2026-06-30,0.4,0.44324525246867597,quantile,WNV cases
SnJ_S,2026-04-30,2026-06-30,0.45,0.4742739004385921,quantile,WNV cases
SnJ_S,2026-04-30,2026-06-30,0.5,0.5053025484085084,quantile,WNV cases
SnJ_S,2026-04-30,2026-06-30,0.55,0.5363311963784246,quantile,WNV cases
SnJ_S,2026-04-30,2026-06-30,0.6,0.5673598443483407,quantile,WNV cases
SnJ_S,2026-04-30,2026-06-30,0.65,1.098388492318257,quantile,WNV cases
SnJ_S,2026-04-30,2026-06-30,0.7,1.1294171402881732,quantile,WNV cases
SnJ_S,2026-04-30,2026-06-30,0.75,1.1604457882580894,quantile,WNV cases
SnJ_S,2026-04-30,2026-06-30,0.8,1.1914744362280056,quantile,WNV cases
SnJ_S,2026-04-30,2026-06-30,0.85,1.2225030841979216,quantile,WNV cases
SnJ_S,2026-04-30,2026-06-30,0.9,1.853182718057555,quantile,WNV cases
SnJ_S,2026-04-30,2026-06-30,0.95,3.9577740270378294,quantile,WNV cases
SnJ_S,2026-04-30,2026-06-30,0.99,13.192211193595945,quantile,WNV cases
SnJ_S,2026-04-30,2026-07-31,0.01,0.0,quantile,WNV cases
SnJ_S,2026-04-30,2026-07-31,0.05,1.7148030568739205,quantile,WNV cases
SnJ_S,2026-04-30,2026-07-31,0.1,5.293043715915161,quantile,WNV cases
SnJ_S,2026-04-30,2026-07-31,0.15,6.671125349350462,quantile,WNV cases
SnJ_S,2026-04-30,2026-07-31,0.2,8.02224146666695,quantile,WNV cases
SnJ_S,2026-04-30,2026-07-31,0.25,9.372774844523281,quantile,WNV cases
SnJ_S,2026-04-30,2026-07-31,0.3,10.236975777721108,quantile,WNV cases
SnJ_S,2026-04-30,2026-07-31,0.35,11.627764379114852,quantile,WNV cases
SnJ_S,2026-04-30,2026-07-31,0.4,13.058068865443335,quantile,WNV cases
SnJ_S,2026-04-30,2026-07-31,0.45,14.54246962458743,quantile,WNV cases
SnJ_S,2026-04-30,2026-07-31,0.5,16.09391129215942,quantile,WNV cases
SnJ_S,2026-04-30,2026-07-31,0.55,16.212408172049976,quantile,WNV cases
SnJ_S,2026-04-30,2026-07-31,0.6,16.810242522674514,quantile,WNV cases
SnJ_S,2026-04-30,2026-07-31,0.65,17.443781004074154,quantile,WNV cases
SnJ_S,2026-04-30,2026-07-31,0.7,18.183486006705202,quantile,WNV cases
SnJ_S,2026-04-30,2026-07-31,0.75,18.92319100933624,quantile,WNV cases
SnJ_S,2026-04-30,2026-07-31,0.8,20.596792509624862,quantile,WNV cases
SnJ_S,2026-04-30,2026-07-31,0.85,21.856479950599002,quantile,WNV cases
SnJ_S,2026-04-30,2026-07-31,0.9,25.215777961775604,quantile,WNV cases
SnJ_S,2026-04-30,2026-07-31,0.95,39.41281299695929,quantile,WNV cases
SnJ_S,2026-04-30,2026-07-31,0.99,80.78737832100154,quantile,WNV cases
SnJ_S,2026-04-30,2026-08-31,0.01,0.0,quantile,WNV cases
SnJ_S,2026-04-30,2026-08-31,0.05,2.283241841717418,quantile,WNV cases
SnJ_S,2026-04-30,2026-08-31,0.1,4.934028417079607,quantile,WNV cases
SnJ_S,2026-04-30,2026-08-31,0.15,7.386903292099893,quantile,WNV cases
SnJ_S,2026-04-30,2026-08-31,0.2,9.043363637233014,quantile,WNV cases
SnJ_S,2026-04-30,2026-08-31,0.25,10.66496426274415,quantile,WNV cases
SnJ_S,2026-04-30,2026-08-31,0.3,11.841773732159982,quantile,WNV cases
SnJ_S,2026-04-30,2026-08-31,0.35,13.050550516756413,quantile,WNV cases
SnJ_S,2026-04-30,2026-08-31,0.4,14.212119953182981,quantile,WNV cases
SnJ_S,2026-04-30,2026-08-31,0.45,14.817016501649043,quantile,WNV cases
SnJ_S,2026-04-30,2026-08-31,0.5,16.1347457818566,quantile,WNV cases
SnJ_S,2026-04-30,2026-08-31,0.55,17.11036103567515,quantile,WNV cases
SnJ_S,2026-04-30,2026-08-31,0.6,18.116363853055752,quantile,WNV cases
SnJ_S,2026-04-30,2026-08-31,0.65,19.165619264723098,quantile,WNV cases
SnJ_S,2026-04-30,2026-08-31,0.7,20.7771828654571,quantile,WNV cases
SnJ_S,2026-04-30,2026-08-31,0.75,21.99999611303425,quantile,WNV cases
SnJ_S,2026-04-30,2026-08-31,0.8,24.608648374324048,quantile,WNV cases
SnJ_S,2026-04-30,2026-08-31,0.85,27.3131567326535,quantile,WNV cases
SnJ_S,2026-04-30,2026-08-31,0.9,32.191088255610154,quantile,WNV cases
SnJ_S,2026-04-30,2026-08-31,0.95,40.67188287741915,quantile,WNV cases
SnJ_S,2026-04-30,2026-08-31,0.99,73.94063723185187,quantile,WNV cases
SnJ_S,2026-04-30,2026-09-30,0.01,0.0,quantile,WNV cases
SnJ_S,2026-04-30,2026-09-30,0.05,1.7296053185152278,quantile,WNV cases
SnJ_S,2026-04-30,2026-09-30,0.1,4.486280281818595,quantile,WNV cases
SnJ_S,2026-04-30,2026-09-30,0.15,5.34611450970344,quantile,WNV cases
SnJ_S,2026-04-30,2026-09-30,0.2,5.678044148772329,quantile,WNV cases
SnJ_S,2026-04-30,2026-09-30,0.25,6.49999519062084,quantile,WNV cases
SnJ_S,2026-04-30,2026-09-30,0.3,7.338689099325955,quantile,WNV cases
SnJ_S,2026-04-30,2026-09-30,0.35,7.75835926391963,quantile,WNV cases
SnJ_S,2026-04-30,2026-09-30,0.4,8.704446806447404,quantile,WNV cases
SnJ_S,2026-04-30,2026-09-30,0.45,9.682647794043096,quantile,WNV cases
SnJ_S,2026-04-30,2026-09-30,0.5,10.2009031764206,quantile,WNV cases
SnJ_S,2026-04-30,2026-09-30,0.55,11.2666486943094,quantile,WNV cases
SnJ_S,2026-04-30,2026-09-30,0.6,12.175585036470899,quantile,WNV cases
SnJ_S,2026-04-30,2026-09-30,0.65,13.320178650489225,quantile,WNV cases
SnJ_S,2026-04-30,2026-09-30,0.7,14.772515708700958,quantile,WNV cases
SnJ_S,2026-04-30,2026-09-30,0.75,16.57977273415669,quantile,WNV cases
SnJ_S,2026-04-30,2026-09-30,0.8,18.82109584653115,quantile,WNV cases
SnJ_S,2026-04-30,2026-09-30,0.85,21.420671035616532,quantile,WNV cases
SnJ_S,2026-04-30,2026-09-30,0.9,24.393428939691105,quantile,WNV cases
SnJ_S,2026-04-30,2026-09-30,0.95,31.639348348458718,quantile,WNV cases
SnJ_S,2026-04-30,2026-09-30,0.99,48.55951477342133,quantile,WNV cases
SnJ_S,2026-04-30,2026-10-31,0.01,0.0,quantile,WNV cases
SnJ_S,2026-04-30,2026-10-31,0.05,0.0,quantile,WNV cases
SnJ_S,2026-04-30,2026-10-31,0.1,0.0,quantile,WNV cases
SnJ_S,2026-04-30,2026-10-31,0.15,0.5,quantile,WNV cases
SnJ_S,2026-04-30,2026-10-31,0.2,1.1461791640919041,quantile,WNV cases
SnJ_S,2026-04-30,2026-10-31,0.25,1.3994613759832402,quantile,WNV cases
SnJ_S,2026-04-30,2026-10-31,0.3,1.534390636004585,quantile,WNV cases
SnJ_S,2026-04-30,2026-10-31,0.35,1.67508484566902,quantile,WNV cases
SnJ_S,2026-04-30,2026-10-31,0.4,2.32521554033447,quantile,WNV cases
SnJ_S,2026-04-30,2026-10-31,0.45,2.4855048500605,quantile,WNV cases
SnJ_S,2026-04-30,2026-10-31,0.5,2.658948093879025,quantile,WNV cases
SnJ_S,2026-04-30,2026-10-31,0.55,2.848321227046875,quantile,WNV cases
SnJ_S,2026-04-30,2026-10-31,0.6,3.55792460672405,quantile,WNV cases
SnJ_S,2026-04-30,2026-10-31,0.65,3.79477165645943,quantile,WNV cases
SnJ_S,2026-04-30,2026-10-31,0.7,4.02747746708184,quantile,WNV cases
SnJ_S,2026-04-30,2026-10-31,0.75,4.744259268063551,quantile,WNV cases
SnJ_S,2026-04-30,2026-10-31,0.8,5.335329431706355,quantile,WNV cases
SnJ_S,2026-04-30,2026-10-31,0.85,6.420708453170475,quantile,WNV cases
SnJ_S,2026-04-30,2026-10-31,0.9,7.802014043185085,quantile,WNV cases
SnJ_S,2026-04-30,2026-10-31,0.95,9.9787082369252,quantile,WNV cases
SnJ_S,2026-04-30,2026-10-31,0.99,16.395753320353748,quantile,WNV cases
SnJ_S,2026-04-30,2026-11-30,0.01,0.0,quantile,WNV cases
SnJ_S,2026-04-30,2026-11-30,0.05,0.0,quantile,WNV cases
SnJ_S,2026-04-30,2026-11-30,0.1,0.0,quantile,WNV cases
SnJ_S,2026-04-30,2026-11-30,0.15,0.0,quantile,WNV cases
SnJ_S,2026-04-30,2026-11-30,0.2,0.0,quantile,WNV cases
SnJ_S,2026-04-30,2026-11-30,0.25,0.0,quantile,WNV cases
SnJ_S,2026-04-30,2026-11-30,0.3,0.0,quantile,WNV cases
SnJ_S,2026-04-30,2026-11-30,0.35,0.0,quantile,WNV cases
SnJ_S,2026-04-30,2026-11-30,0.4,0.0,quantile,WNV cases
SnJ_S,2026-04-30,2026-11-30,0.45,0.0,quantile,WNV cases
SnJ_S,2026-04-30,2026-11-30,0.5,0.0,quantile,WNV cases
SnJ_S,2026-04-30,2026-11-30,0.55,0.0,quantile,WNV cases
SnJ_S,2026-04-30,2026-11-30,0.6,0.0,quantile,WNV cases
SnJ_S,2026-04-30,2026-11-30,0.65,0.5527446015941355,quantile,WNV cases
SnJ_S,2026-04-30,2026-11-30,0.7,0.6923773571257936,quantile,WNV cases
SnJ_S,2026-04-30,2026-11-30,0.75,0.7235536737560166,quantile,WNV cases
SnJ_S,2026-04-30,2026-11-30,0.8,0.7547299903862398,quantile,WNV cases
SnJ_S,2026-04-30,2026-11-30,0.85,0.818854225799545,quantile,WNV cases
SnJ_S,2026-04-30,2026-11-30,0.9,1.4355398636061585,quantile,WNV cases
SnJ_S,2026-04-30,2026-11-30,0.95,2.27699712031309,quantile,WNV cases
SnJ_S,2026-04-30,2026-11-30,0.99,3.935791371832675,quantile,WNV cases
SnJ_S,2026-04-30,2026-12-31,0.01,0.0,quantile,WNV cases
SnJ_S,2026-04-30,2026-12-31,0.05,0.0,quantile,WNV cases
SnJ_S,2026-04-30,2026-12-31,0.1,0.0,quantile,WNV cases
SnJ_S,2026-04-30,2026-12-31,0.15,0.0,quantile,WNV cases
SnJ_S,2026-04-30,2026-12-31,0.2,0.0,quantile,WNV cases
SnJ_S,2026-04-30,2026-12-31,0.25,0.0,quantile,WNV cases
SnJ_S,2026-04-30,2026-12-31,0.3,0.0,quantile,WNV cases
SnJ_S,2026-04-30,2026-12-31,0.35,0.0,quantile,WNV cases
SnJ_S,2026-04-30,2026-12-31,0.4,0.0,quantile,WNV cases
SnJ_S,2026-04-30,2026-12-31,0.45,0.0,quantile,WNV cases
SnJ_S,2026-04-30,2026-12-31,0.5,0.0,quantile,WNV cases
SnJ_S,2026-04-30,2026-12-31,0.55,0.0,quantile,WNV cases
SnJ_S,2026-04-30,2026-12-31,0.6,0.0,quantile,WNV cases
SnJ_S,2026-04-30,2026-12-31,0.65,0.0,quantile,WNV cases
SnJ_S,2026-04-30,2026-12-31,0.7,0.0,quantile,WNV cases
SnJ_S,2026-04-30,2026-12-31,0.75,0.0,quantile,WNV cases
SnJ_S,2026-04-30,2026-12-31,0.8,0.0,quantile,WNV cases
SnJ_S,2026-04-30,2026-12-31,0.85,0.3251142488824074,quantile,WNV cases
SnJ_S,2026-04-30,2026-12-31,0.9,0.5221402781272121,quantile,WNV cases
SnJ_S,2026-04-30,2026-12-31,0.95,0.9204427492231623,quantile,WNV cases
SnJ_S,2026-04-30,2026-12-31,0.99,2.366055025215495,quantile,WNV cases
