location,origin_date,target_date,output_type,output_type_id,value,target
Cal_S,2026-04-30,2026-05-31,quantile,0.01,0.0,WNV cases
Cal_S,2026-04-30,2026-05-31,quantile,0.05,0.0,WNV cases
Cal_S,2026-04-30,2026-05-31,quantile,0.1,0.0,WNV cases
Cal_S,2026-04-30,2026-05-31,quantile,0.15,0.0,WNV cases
Cal_S,2026-04-30,2026-05-31,quantile,0.2,0.0,WNV cases
Cal_S,2026-04-30,2026-05-31,quantile,0.25,0.0,WNV cases
Cal_S,2026-04-30,2026-05-31,quantile,0.3,0.0,WNV cases
Cal_S,2026-04-30,2026-05-31,quantile,0.35,0.0,WNV cases
Cal_S,2026-04-30,2026-05-31,quantile,0.4,0.0,WNV cases
Cal_S,2026-04-30,2026-05-31,quantile,0.45,0.0,WNV cases
Cal_S,2026-04-30,2026-05-31,quantile,0.5,0.0,WNV cases
Cal_S,2026-04-30,2026-05-31,quantile,0.55,0.0,WNV cases
Cal_S,2026-04-30,2026-05-31,quantile,0.6,0.0,WNV cases
Cal_S,2026-04-30,2026-05-31,quantile,0.65,0.0,WNV cases
Cal_S,2026-04-30,2026-05-31,quantile,0.7,0.0,WNV cases
Cal_S,2026-04-30,2026-05-31,quantile,0.75,0.0,WNV cases
Cal_S,2026-04-30,2026-05-31,quantile,0.8,0.0,WNV cases
Cal_S,2026-04-30,2026-05-31,quantile,0.85,0.0,WNV cases
Cal_S,2026-04-30,2026-05-31,quantile,0.9,0.0,WNV cases
Cal_S,2026-04-30,2026-05-31,quantile,0.95,0.0,WNV cases
Cal_S,2026-04-30,2026-05-31,quantile,0.99,0.0,WNV cases
Cal_S,2026-05-31,2026-06-30,quantile,0.01,0.0,WNV cases
Cal_S,2026-05-31,2026-06-30,quantile,0.05,0.0,WNV cases
Cal_S,2026-05-31,2026-06-30,quantile,0.1,0.0,WNV cases
Cal_S,2026-05-31,2026-06-30,quantile,0.15,0.0,WNV cases
Cal_S,2026-05-31,2026-06-30,quantile,0.2,0.0,WNV cases
Cal_S,2026-05-31,2026-06-30,quantile,0.25,0.0,WNV cases
Cal_S,2026-05-31,2026-06-30,quantile,0.3,0.0,WNV cases
Cal_S,2026-05-31,2026-06-30,quantile,0.35,0.0,WNV cases
Cal_S,2026-05-31,2026-06-30,quantile,0.4,0.0,WNV cases
Cal_S,2026-05-31,2026-06-30,quantile,0.45,0.0,WNV cases
Cal_S,2026-05-31,2026-06-30,quantile,0.5,0.0,WNV cases
Cal_S,2026-05-31,2026-06-30,quantile,0.55,0.0,WNV cases
Cal_S,2026-05-31,2026-06-30,quantile,0.6,0.0,WNV cases
Cal_S,2026-05-31,2026-06-30,quantile,0.65,0.0,WNV cases
Cal_S,2026-05-31,2026-06-30,quantile,0.7,0.0224423078480337,WNV cases
Cal_S,2026-05-31,2026-06-30,quantile,0.75,0.860262777095597,WNV cases
Cal_S,2026-05-31,2026-06-30,quantile,0.8,1.13646334275333,WNV cases
Cal_S,2026-05-31,2026-06-30,quantile,0.85,1.42695007292325,WNV cases
Cal_S,2026-05-31,2026-06-30,quantile,0.9,1.7721730725279,WNV cases
Cal_S,2026-05-31,2026-06-30,quantile,0.95,2.32487101993691,WNV cases
Cal_S,2026-05-31,2026-06-30,quantile,0.99,3.62877587443221,WNV cases
Cal_S,2026-06-30,2026-07-31,quantile,0.01,0.0,WNV cases
Cal_S,2026-06-30,2026-07-31,quantile,0.05,0.0,WNV cases
Cal_S,2026-06-30,2026-07-31,quantile,0.1,0.0,WNV cases
Cal_S,2026-06-30,2026-07-31,quantile,0.15,0.0,WNV cases
Cal_S,2026-06-30,2026-07-31,quantile,0.2,0.0,WNV cases
Cal_S,2026-06-30,2026-07-31,quantile,0.25,0.0,WNV cases
Cal_S,2026-06-30,2026-07-31,quantile,0.3,0.0001188096822193,WNV cases
Cal_S,2026-06-30,2026-07-31,quantile,0.35,0.389294400679086,WNV cases
Cal_S,2026-06-30,2026-07-31,quantile,0.4,0.625642556825823,WNV cases
Cal_S,2026-06-30,2026-07-31,quantile,0.45,0.869560178146762,WNV cases
Cal_S,2026-06-30,2026-07-31,quantile,0.5,1.1392576977883,WNV cases
Cal_S,2026-06-30,2026-07-31,quantile,0.55,1.44069085509688,WNV cases
Cal_S,2026-06-30,2026-07-31,quantile,0.6,1.7852415656216,WNV cases
Cal_S,2026-06-30,2026-07-31,quantile,0.65,2.1941598737638,WNV cases
Cal_S,2026-06-30,2026-07-31,quantile,0.7,2.66184404324525,WNV cases
Cal_S,2026-06-30,2026-07-31,quantile,0.75,3.0,WNV cases
Cal_S,2026-06-30,2026-07-31,quantile,0.8,3.4374296802831,WNV cases
Cal_S,2026-06-30,2026-07-31,quantile,0.85,4.02844148314945,WNV cases
Cal_S,2026-06-30,2026-07-31,quantile,0.9,5.4050252593425,WNV cases
Cal_S,2026-06-30,2026-07-31,quantile,0.95,8.28458919620023,WNV cases
Cal_S,2026-06-30,2026-07-31,quantile,0.99,17.8152964499799,WNV cases
Cal_S,2026-06-30,2026-08-31,quantile,0.01,0.0,WNV cases
Cal_S,2026-06-30,2026-08-31,quantile,0.05,0.190836460719127,WNV cases
Cal_S,2026-06-30,2026-08-31,quantile,0.1,0.354797541082451,WNV cases
Cal_S,2026-06-30,2026-08-31,quantile,0.15,0.539123268355494,WNV cases
Cal_S,2026-06-30,2026-08-31,quantile,0.2,0.751801395787705,WNV cases
Cal_S,2026-06-30,2026-08-31,quantile,0.25,0.999995971441908,WNV cases
Cal_S,2026-06-30,2026-08-31,quantile,0.3,1.31775084155956,WNV cases
Cal_S,2026-06-30,2026-08-31,quantile,0.35,1.73953852936254,WNV cases
Cal_S,2026-06-30,2026-08-31,quantile,0.4,2.3946436289589,WNV cases
Cal_S,2026-06-30,2026-08-31,quantile,0.45,3.11442342991955,WNV cases
Cal_S,2026-06-30,2026-08-31,quantile,0.5,3.91958260387529,WNV cases
Cal_S,2026-06-30,2026-08-31,quantile,0.55,4.84238094286981,WNV cases
Cal_S,2026-06-30,2026-08-31,quantile,0.6,5.96031101362129,WNV cases
Cal_S,2026-06-30,2026-08-31,quantile,0.65,7.36456979968078,WNV cases
Cal_S,2026-06-30,2026-08-31,quantile,0.7,8.4443039266216,WNV cases
Cal_S,2026-06-30,2026-08-31,quantile,0.75,9.99998355869679,WNV cases
Cal_S,2026-06-30,2026-08-31,quantile,0.8,13.3013041566239,WNV cases
Cal_S,2026-06-30,2026-08-31,quantile,0.85,18.5484978650222,WNV cases
Cal_S,2026-06-30,2026-08-31,quantile,0.9,25.2478672599679,WNV cases
Cal_S,2026-06-30,2026-08-31,quantile,0.95,32.0812144772165,WNV cases
Cal_S,2026-06-30,2026-08-31,quantile,0.99,82.6476679582115,WNV cases
Cal_S,2026-06-30,2026-09-30,quantile,0.01,0.0,WNV cases
Cal_S,2026-06-30,2026-09-30,quantile,0.05,0.0,WNV cases
Cal_S,2026-06-30,2026-09-30,quantile,0.1,0.0,WNV cases
Cal_S,2026-06-30,2026-09-30,quantile,0.15,1.44235299323432e-05,WNV cases
Cal_S,2026-06-30,2026-09-30,quantile,0.2,0.507049884145819,WNV cases
Cal_S,2026-06-30,2026-09-30,quantile,0.25,0.70504719354658,WNV cases
Cal_S,2026-06-30,2026-09-30,quantile,0.3,0.897951325031709,WNV cases
Cal_S,2026-06-30,2026-09-30,quantile,0.35,1.10831154272424,WNV cases
Cal_S,2026-06-30,2026-09-30,quantile,0.4,1.33578188456942,WNV cases
Cal_S,2026-06-30,2026-09-30,quantile,0.45,1.58678000151764,WNV cases
Cal_S,2026-06-30,2026-09-30,quantile,0.5,1.87078073207129,WNV cases
Cal_S,2026-06-30,2026-09-30,quantile,0.55,2.1941598737638,WNV cases
Cal_S,2026-06-30,2026-09-30,quantile,0.6,2.57588617999032,WNV cases
Cal_S,2026-06-30,2026-09-30,quantile,0.65,3.04471270231644,WNV cases
Cal_S,2026-06-30,2026-09-30,quantile,0.7,3.65371689915011,WNV cases
Cal_S,2026-06-30,2026-09-30,quantile,0.75,4.49279980267814,WNV cases
Cal_S,2026-06-30,2026-09-30,quantile,0.8,5.5682305494938,WNV cases
Cal_S,2026-06-30,2026-09-30,quantile,0.85,7.09172385304965,WNV cases
Cal_S,2026-06-30,2026-09-30,quantile,0.9,9.59304384473339,WNV cases
Cal_S,2026-06-30,2026-09-30,quantile,0.95,14.9625954786417,WNV cases
Cal_S,2026-06-30,2026-09-30,quantile,0.99,32.4236302503196,WNV cases
Cal_S,2026-06-30,2026-10-31,quantile,0.01,0.0,WNV cases
Cal_S,2026-06-30,2026-10-31,quantile,0.05,0.0,WNV cases
Cal_S,2026-06-30,2026-10-31,quantile,0.1,0.0,WNV cases
Cal_S,2026-06-30,2026-10-31,quantile,0.15,0.0,WNV cases
Cal_S,2026-06-30,2026-10-31,quantile,0.2,0.0,WNV cases
Cal_S,2026-06-30,2026-10-31,quantile,0.25,0.413371112371312,WNV cases
Cal_S,2026-06-30,2026-10-31,quantile,0.3,0.613225440950983,WNV cases
Cal_S,2026-06-30,2026-10-31,quantile,0.35,0.803691953790107,WNV cases
Cal_S,2026-06-30,2026-10-31,quantile,0.4,1.0,WNV cases
Cal_S,2026-06-30,2026-10-31,quantile,0.45,1.10199104033759,WNV cases
Cal_S,2026-06-30,2026-10-31,quantile,0.5,1.20639956122733,WNV cases
Cal_S,2026-06-30,2026-10-31,quantile,0.55,1.3142743856253,WNV cases
Cal_S,2026-06-30,2026-10-31,quantile,0.6,1.42695007292325,WNV cases
Cal_S,2026-06-30,2026-10-31,quantile,0.65,1.5468800790423,WNV cases
Cal_S,2026-06-30,2026-10-31,quantile,0.7,1.67692579325917,WNV cases
Cal_S,2026-06-30,2026-10-31,quantile,0.75,2.58807271748768,WNV cases
Cal_S,2026-06-30,2026-10-31,quantile,0.8,3.0,WNV cases
Cal_S,2026-06-30,2026-10-31,quantile,0.85,3.56726974955176,WNV cases
Cal_S,2026-06-30,2026-10-31,quantile,0.9,4.0,WNV cases
Cal_S,2026-06-30,2026-10-31,quantile,0.95,4.0,WNV cases
Cal_S,2026-06-30,2026-10-31,quantile,0.99,4.47396611042714,WNV cases
Cal_S,2026-06-30,2026-11-30,quantile,0.01,0.0,WNV cases
Cal_S,2026-06-30,2026-11-30,quantile,0.05,0.0,WNV cases
Cal_S,2026-06-30,2026-11-30,quantile,0.1,0.0,WNV cases
Cal_S,2026-06-30,2026-11-30,quantile,0.15,0.0,WNV cases
Cal_S,2026-06-30,2026-11-30,quantile,0.2,0.0,WNV cases
Cal_S,2026-06-30,2026-11-30,quantile,0.25,0.0,WNV cases
Cal_S,2026-06-30,2026-11-30,quantile,0.3,0.0,WNV cases
Cal_S,2026-06-30,2026-11-30,quantile,0.35,0.0,WNV cases
Cal_S,2026-06-30,2026-11-30,quantile,0.4,0.0,WNV cases
Cal_S,2026-06-30,2026-11-30,quantile,0.45,0.0,WNV cases
Cal_S,2026-06-30,2026-11-30,quantile,0.5,0.0,WNV cases
Cal_S,2026-06-30,2026-11-30,quantile,0.55,0.0,WNV cases
Cal_S,2026-06-30,2026-11-30,quantile,0.6,0.0,WNV cases
Cal_S,2026-06-30,2026-11-30,quantile,0.65,0.0,WNV cases
Cal_S,2026-06-30,2026-11-30,quantile,0.7,0.0,WNV cases
Cal_S,2026-06-30,2026-11-30,quantile,0.75,0.0,WNV cases
Cal_S,2026-06-30,2026-11-30,quantile,0.8,0.0,WNV cases
Cal_S,2026-06-30,2026-11-30,quantile,0.85,0.0,WNV cases
Cal_S,2026-06-30,2026-11-30,quantile,0.9,1.42695007292325,WNV cases
Cal_S,2026-06-30,2026-11-30,quantile,0.95,2.0,WNV cases
Cal_S,2026-06-30,2026-11-30,quantile,0.99,2.17934523331037,WNV cases
Cal_S,2026-06-30,2026-12-31,quantile,0.01,0.0,WNV cases
Cal_S,2026-06-30,2026-12-31,quantile,0.05,0.0,WNV cases
Cal_S,2026-06-30,2026-12-31,quantile,0.1,0.0,WNV cases
Cal_S,2026-06-30,2026-12-31,quantile,0.15,0.0,WNV cases
Cal_S,2026-06-30,2026-12-31,quantile,0.2,0.0,WNV cases
Cal_S,2026-06-30,2026-12-31,quantile,0.25,0.0,WNV cases
Cal_S,2026-06-30,2026-12-31,quantile,0.3,0.0,WNV cases
Cal_S,2026-06-30,2026-12-31,quantile,0.35,0.0,WNV cases
Cal_S,2026-06-30,2026-12-31,quantile,0.4,0.0,WNV cases
Cal_S,2026-06-30,2026-12-31,quantile,0.45,0.0,WNV cases
Cal_S,2026-06-30,2026-12-31,quantile,0.5,0.0,WNV cases
Cal_S,2026-06-30,2026-12-31,quantile,0.55,0.0,WNV cases
Cal_S,2026-06-30,2026-12-31,quantile,0.6,0.0,WNV cases
Cal_S,2026-06-30,2026-12-31,quantile,0.65,0.0,WNV cases
Cal_S,2026-06-30,2026-12-31,quantile,0.7,0.0,WNV cases
Cal_S,2026-06-30,2026-12-31,quantile,0.75,0.0,WNV cases
Cal_S,2026-06-30,2026-12-31,quantile,0.8,0.0,WNV cases
Cal_S,2026-06-30,2026-12-31,quantile,0.85,0.0,WNV cases
Cal_S,2026-06-30,2026-12-31,quantile,0.9,0.0,WNV cases
Cal_S,2026-06-30,2026-12-31,quantile,0.95,2.0,WNV cases
Cal_S,2026-06-30,2026-12-31,quantile,0.99,2.0,WNV cases
LAO_G,2026-04-30,2026-05-31,quantile,0.01,0.0,WNV cases
LAO_G,2026-04-30,2026-05-31,quantile,0.05,0.0,WNV cases
LAO_G,2026-04-30,2026-05-31,quantile,0.1,0.0,WNV cases
LAO_G,2026-04-30,2026-05-31,quantile,0.15,0.0,WNV cases
LAO_G,2026-04-30,2026-05-31,quantile,0.2,0.0,WNV cases
LAO_G,2026-04-30,2026-05-31,quantile,0.25,0.0,WNV cases
LAO_G,2026-04-30,2026-05-31,quantile,0.3,0.0,WNV cases
LAO_G,2026-04-30,2026-05-31,quantile,0.35,0.0,WNV cases
LAO_G,2026-04-30,2026-05-31,quantile,0.4,0.0,WNV cases
LAO_G,2026-04-30,2026-05-31,quantile,0.45,0.0,WNV cases
LAO_G,2026-04-30,2026-05-31,quantile,0.5,0.0,WNV cases
LAO_G,2026-04-30,2026-05-31,quantile,0.55,0.0,WNV cases
LAO_G,2026-04-30,2026-05-31,quantile,0.6,0.0,WNV cases
LAO_G,2026-04-30,2026-05-31,quantile,0.65,0.0,WNV cases
LAO_G,2026-04-30,2026-05-31,quantile,0.7,0.0,WNV cases
LAO_G,2026-04-30,2026-05-31,quantile,0.75,0.0,WNV cases
LAO_G,2026-04-30,2026-05-31,quantile,0.8,0.0,WNV cases
LAO_G,2026-04-30,2026-05-31,quantile,0.85,0.0,WNV cases
LAO_G,2026-04-30,2026-05-31,quantile,0.9,0.0,WNV cases
LAO_G,2026-04-30,2026-05-31,quantile,0.95,0.0,WNV cases
LAO_G,2026-04-30,2026-05-31,quantile,0.99,0.0,WNV cases
LAO_G,2026-05-31,2026-06-30,quantile,0.01,0.0,WNV cases
LAO_G,2026-05-31,2026-06-30,quantile,0.05,0.0,WNV cases
LAO_G,2026-05-31,2026-06-30,quantile,0.1,0.0,WNV cases
LAO_G,2026-05-31,2026-06-30,quantile,0.15,0.0,WNV cases
LAO_G,2026-05-31,2026-06-30,quantile,0.2,0.0,WNV cases
LAO_G,2026-05-31,2026-06-30,quantile,0.25,0.0,WNV cases
LAO_G,2026-05-31,2026-06-30,quantile,0.3,0.0,WNV cases
LAO_G,2026-05-31,2026-06-30,quantile,0.35,0.0,WNV cases
LAO_G,2026-05-31,2026-06-30,quantile,0.4,0.0,WNV cases
LAO_G,2026-05-31,2026-06-30,quantile,0.45,0.0,WNV cases
LAO_G,2026-05-31,2026-06-30,quantile,0.5,0.0,WNV cases
LAO_G,2026-05-31,2026-06-30,quantile,0.55,0.0,WNV cases
LAO_G,2026-05-31,2026-06-30,quantile,0.6,0.0,WNV cases
LAO_G,2026-05-31,2026-06-30,quantile,0.65,0.0,WNV cases
LAO_G,2026-05-31,2026-06-30,quantile,0.7,0.0,WNV cases
LAO_G,2026-05-31,2026-06-30,quantile,0.75,0.0,WNV cases
LAO_G,2026-05-31,2026-06-30,quantile,0.8,0.0,WNV cases
LAO_G,2026-05-31,2026-06-30,quantile,0.85,0.999999999999999,WNV cases
LAO_G,2026-05-31,2026-06-30,quantile,0.9,1.42695007292325,WNV cases
LAO_G,2026-05-31,2026-06-30,quantile,0.95,2.0,WNV cases
LAO_G,2026-05-31,2026-06-30,quantile,0.99,3.05835669370774,WNV cases
LAO_G,2026-06-30,2026-07-31,quantile,0.01,0.0,WNV cases
LAO_G,2026-06-30,2026-07-31,quantile,0.05,0.0,WNV cases
LAO_G,2026-06-30,2026-07-31,quantile,0.1,0.822879629366289,WNV cases
LAO_G,2026-06-30,2026-07-31,quantile,0.15,1.24947572956707,WNV cases
LAO_G,2026-06-30,2026-07-31,quantile,0.2,1.53033567062302,WNV cases
LAO_G,2026-06-30,2026-07-31,quantile,0.25,1.79892275196648,WNV cases
LAO_G,2026-06-30,2026-07-31,quantile,0.3,2.06878127200917,WNV cases
LAO_G,2026-06-30,2026-07-31,quantile,0.35,2.35016969133804,WNV cases
LAO_G,2026-06-30,2026-07-31,quantile,0.4,2.65043108066894,WNV cases
LAO_G,2026-06-30,2026-07-31,quantile,0.45,2.971009700121,WNV cases
LAO_G,2026-06-30,2026-07-31,quantile,0.5,3.31789618775805,WNV cases
LAO_G,2026-06-30,2026-07-31,quantile,0.55,3.69664245409375,WNV cases
LAO_G,2026-06-30,2026-07-31,quantile,0.6,4.1158492134481,WNV cases
LAO_G,2026-06-30,2026-07-31,quantile,0.65,4.58954331291886,WNV cases
LAO_G,2026-06-30,2026-07-31,quantile,0.7,5.13867671780589,WNV cases
LAO_G,2026-06-30,2026-07-31,quantile,0.75,5.99999361419999,WNV cases
LAO_G,2026-06-30,2026-07-31,quantile,0.8,6.87485936056619,WNV cases
LAO_G,2026-06-30,2026-07-31,quantile,0.85,8.85375140243779,WNV cases
LAO_G,2026-06-30,2026-07-31,quantile,0.9,12.393533831137,WNV cases
LAO_G,2026-06-30,2026-07-31,quantile,0.95,20.3289503214004,WNV cases
LAO_G,2026-06-30,2026-07-31,quantile,0.99,51.0573149652046,WNV cases
LAO_G,2026-06-30,2026-08-31,quantile,0.01,0.0,WNV cases
LAO_G,2026-06-30,2026-08-31,quantile,0.05,0.802871458408196,WNV cases
LAO_G,2026-06-30,2026-08-31,quantile,0.1,1.61883008723914,WNV cases
LAO_G,2026-06-30,2026-08-31,quantile,0.15,2.52826083613924,WNV cases
LAO_G,2026-06-30,2026-08-31,quantile,0.2,3.57611179688961,WNV cases
LAO_G,2026-06-30,2026-08-31,quantile,0.25,4.79901514400837,WNV cases
LAO_G,2026-06-30,2026-08-31,quantile,0.3,6.36410099301698,WNV cases
LAO_G,2026-06-30,2026-08-31,quantile,0.35,8.06454623723651,WNV cases
LAO_G,2026-06-30,2026-08-31,quantile,0.4,9.37930954518871,WNV cases
LAO_G,2026-06-30,2026-08-31,quantile,0.45,10.7217693920366,WNV cases
LAO_G,2026-06-30,2026-08-31,quantile,0.5,12.2204757437431,WNV cases
LAO_G,2026-06-30,2026-08-31,quantile,0.55,13.9293053511131,WNV cases
LAO_G,2026-06-30,2026-08-31,quantile,0.6,15.9107281524865,WNV cases
LAO_G,2026-06-30,2026-08-31,quantile,0.65,18.2997299984322,WNV cases
LAO_G,2026-06-30,2026-08-31,quantile,0.7,21.2556132276926,WNV cases
LAO_G,2026-06-30,2026-08-31,quantile,0.75,24.9999796212352,WNV cases
LAO_G,2026-06-30,2026-08-31,quantile,0.8,29.8351520982973,WNV cases
LAO_G,2026-06-30,2026-08-31,quantile,0.85,36.6635701223427,WNV cases
LAO_G,2026-06-30,2026-08-31,quantile,0.9,47.5175844259768,WNV cases
LAO_G,2026-06-30,2026-08-31,quantile,0.95,77.2617869529026,WNV cases
LAO_G,2026-06-30,2026-08-31,quantile,0.99,150.810228324385,WNV cases
LAO_G,2026-06-30,2026-09-30,quantile,0.01,0.0,WNV cases
LAO_G,2026-06-30,2026-09-30,quantile,0.05,2.26860166629299,WNV cases
LAO_G,2026-06-30,2026-09-30,quantile,0.1,3.85564819672742,WNV cases
LAO_G,2026-06-30,2026-09-30,quantile,0.15,5.61986390253084,WNV cases
LAO_G,2026-06-30,2026-09-30,quantile,0.2,6.81774469108529,WNV cases
LAO_G,2026-06-30,2026-09-30,quantile,0.25,7.84492319203509,WNV cases
LAO_G,2026-06-30,2026-09-30,quantile,0.3,8.90317093153588,WNV cases
LAO_G,2026-06-30,2026-09-30,quantile,0.35,10.0222913704524,WNV cases
LAO_G,2026-06-30,2026-09-30,quantile,0.4,11.2118581505264,WNV cases
LAO_G,2026-06-30,2026-09-30,quantile,0.45,12.4870607841149,WNV cases
LAO_G,2026-06-30,2026-09-30,quantile,0.5,13.8690751371216,WNV cases
LAO_G,2026-06-30,2026-09-30,quantile,0.55,15.3777298514917,WNV cases
LAO_G,2026-06-30,2026-09-30,quantile,0.6,17.0482687001013,WNV cases
LAO_G,2026-06-30,2026-09-30,quantile,0.65,18.9429923147468,WNV cases
LAO_G,2026-06-30,2026-09-30,quantile,0.7,21.1478339476386,WNV cases
LAO_G,2026-06-30,2026-09-30,quantile,0.75,23.8501974114945,WNV cases
LAO_G,2026-06-30,2026-09-30,quantile,0.8,27.3388053165278,WNV cases
LAO_G,2026-06-30,2026-09-30,quantile,0.85,32.0580094357406,WNV cases
LAO_G,2026-06-30,2026-09-30,quantile,0.9,40.7849422593005,WNV cases
LAO_G,2026-06-30,2026-09-30,quantile,0.95,56.7415501954736,WNV cases
LAO_G,2026-06-30,2026-09-30,quantile,0.99,100.90105970743,WNV cases
LAO_G,2026-06-30,2026-10-31,quantile,0.01,0.0,WNV cases
LAO_G,2026-06-30,2026-10-31,quantile,0.05,0.907440666517196,WNV cases
LAO_G,2026-06-30,2026-10-31,quantile,0.1,1.21987737208609,WNV cases
LAO_G,2026-06-30,2026-10-31,quantile,0.15,1.62045367420476,WNV cases
LAO_G,2026-06-30,2026-10-31,quantile,0.2,2.3921037254778,WNV cases
LAO_G,2026-06-30,2026-10-31,quantile,0.25,2.94802656916173,WNV cases
LAO_G,2026-06-30,2026-10-31,quantile,0.3,3.30109178740954,WNV cases
LAO_G,2026-06-30,2026-10-31,quantile,0.35,3.67022822992039,WNV cases
LAO_G,2026-06-30,2026-10-31,quantile,0.4,4.05972072016236,WNV cases
LAO_G,2026-06-30,2026-10-31,quantile,0.45,4.47173303139989,WNV cases
LAO_G,2026-06-30,2026-10-31,quantile,0.5,4.91164153216213,WNV cases
LAO_G,2026-06-30,2026-10-31,quantile,0.55,5.38666755468757,WNV cases
LAO_G,2026-06-30,2026-10-31,quantile,0.6,5.90674297612805,WNV cases
LAO_G,2026-06-30,2026-10-31,quantile,0.65,6.48591357365211,WNV cases
LAO_G,2026-06-30,2026-10-31,quantile,0.7,7.1507182310067,WNV cases
LAO_G,2026-06-30,2026-10-31,quantile,0.75,7.95552384061034,WNV cases
LAO_G,2026-06-30,2026-10-31,quantile,0.8,8.98656147065645,WNV cases
LAO_G,2026-06-30,2026-10-31,quantile,0.85,10.3594379670091,WNV cases
LAO_G,2026-06-30,2026-10-31,quantile,0.9,13.3359365923482,WNV cases
LAO_G,2026-06-30,2026-10-31,quantile,0.95,21.6315046008898,WNV cases
LAO_G,2026-06-30,2026-10-31,quantile,0.99,43.6794904059571,WNV cases
LAO_G,2026-06-30,2026-11-30,quantile,0.01,0.0,WNV cases
LAO_G,2026-06-30,2026-11-30,quantile,0.05,0.0,WNV cases
LAO_G,2026-06-30,2026-11-30,quantile,0.1,0.0,WNV cases
LAO_G,2026-06-30,2026-11-30,quantile,0.15,0.0,WNV cases
LAO_G,2026-06-30,2026-11-30,quantile,0.2,0.0,WNV cases
LAO_G,2026-06-30,2026-11-30,quantile,0.25,0.0,WNV cases
LAO_G,2026-06-30,2026-11-30,quantile,0.3,0.0,WNV cases
LAO_G,2026-06-30,2026-11-30,quantile,0.35,0.0,WNV cases
LAO_G,2026-06-30,2026-11-30,quantile,0.4,0.0,WNV cases
LAO_G,2026-06-30,2026-11-30,quantile,0.45,0.0,WNV cases
LAO_G,2026-06-30,2026-11-30,quantile,0.5,0.0,WNV cases
LAO_G,2026-06-30,2026-11-30,quantile,0.55,0.0,WNV cases
LAO_G,2026-06-30,2026-11-30,quantile,0.6,0.0,WNV cases
LAO_G,2026-06-30,2026-11-30,quantile,0.65,0.78308712219713,WNV cases
LAO_G,2026-06-30,2026-11-30,quantile,0.7,1.0,WNV cases
LAO_G,2026-06-30,2026-11-30,quantile,0.75,1.20639956122733,WNV cases
LAO_G,2026-06-30,2026-11-30,quantile,0.8,1.42695007292325,WNV cases
LAO_G,2026-06-30,2026-11-30,quantile,0.85,1.67692579325917,WNV cases
LAO_G,2026-06-30,2026-11-30,quantile,0.9,2.0,WNV cases
LAO_G,2026-06-30,2026-11-30,quantile,0.95,2.55399424062618,WNV cases
LAO_G,2026-06-30,2026-11-30,quantile,0.99,3.87158274366535,WNV cases
LAO_G,2026-06-30,2026-12-31,quantile,0.01,0.0,WNV cases
LAO_G,2026-06-30,2026-12-31,quantile,0.05,0.0,WNV cases
LAO_G,2026-06-30,2026-12-31,quantile,0.1,0.0,WNV cases
LAO_G,2026-06-30,2026-12-31,quantile,0.15,0.0,WNV cases
LAO_G,2026-06-30,2026-12-31,quantile,0.2,0.0,WNV cases
LAO_G,2026-06-30,2026-12-31,quantile,0.25,0.0,WNV cases
LAO_G,2026-06-30,2026-12-31,quantile,0.3,0.0,WNV cases
LAO_G,2026-06-30,2026-12-31,quantile,0.35,0.0,WNV cases
LAO_G,2026-06-30,2026-12-31,quantile,0.4,0.0,WNV cases
LAO_G,2026-06-30,2026-12-31,quantile,0.45,0.0,WNV cases
LAO_G,2026-06-30,2026-12-31,quantile,0.5,0.0,WNV cases
LAO_G,2026-06-30,2026-12-31,quantile,0.55,0.0,WNV cases
LAO_G,2026-06-30,2026-12-31,quantile,0.6,0.0,WNV cases
LAO_G,2026-06-30,2026-12-31,quantile,0.65,0.0,WNV cases
LAO_G,2026-06-30,2026-12-31,quantile,0.7,0.0,WNV cases
LAO_G,2026-06-30,2026-12-31,quantile,0.75,0.0,WNV cases
LAO_G,2026-06-30,2026-12-31,quantile,0.8,0.0,WNV cases
LAO_G,2026-06-30,2026-12-31,quantile,0.85,0.0,WNV cases
LAO_G,2026-06-30,2026-12-31,quantile,0.9,0.0,WNV cases
LAO_G,2026-06-30,2026-12-31,quantile,0.95,2.0,WNV cases
LAO_G,2026-06-30,2026-12-31,quantile,0.99,2.0,WNV cases
ScV_N,2026-04-30,2026-05-31,quantile,0.01,0.0,WNV cases
ScV_N,2026-04-30,2026-05-31,quantile,0.05,0.0,WNV cases
ScV_N,2026-04-30,2026-05-31,quantile,0.1,0.0,WNV cases
ScV_N,2026-04-30,2026-05-31,quantile,0.15,0.0,WNV cases
ScV_N,2026-04-30,2026-05-31,quantile,0.2,0.0,WNV cases
ScV_N,2026-04-30,2026-05-31,quantile,0.25,0.0,WNV cases
ScV_N,2026-04-30,2026-05-31,quantile,0.3,0.0,WNV cases
ScV_N,2026-04-30,2026-05-31,quantile,0.35,0.0,WNV cases
ScV_N,2026-04-30,2026-05-31,quantile,0.4,0.0,WNV cases
ScV_N,2026-04-30,2026-05-31,quantile,0.45,0.0,WNV cases
ScV_N,2026-04-30,2026-05-31,quantile,0.5,0.0,WNV cases
ScV_N,2026-04-30,2026-05-31,quantile,0.55,0.0,WNV cases
ScV_N,2026-04-30,2026-05-31,quantile,0.6,0.0,WNV cases
ScV_N,2026-04-30,2026-05-31,quantile,0.65,0.0,WNV cases
ScV_N,2026-04-30,2026-05-31,quantile,0.7,0.0,WNV cases
ScV_N,2026-04-30,2026-05-31,quantile,0.75,0.0,WNV cases
ScV_N,2026-04-30,2026-05-31,quantile,0.8,0.0,WNV cases
ScV_N,2026-04-30,2026-05-31,quantile,0.85,0.0,WNV cases
ScV_N,2026-04-30,2026-05-31,quantile,0.9,0.0,WNV cases
ScV_N,2026-04-30,2026-05-31,quantile,0.95,0.0,WNV cases
ScV_N,2026-04-30,2026-05-31,quantile,0.99,0.0,WNV cases
ScV_N,2026-05-31,2026-06-30,quantile,0.01,0.0,WNV cases
ScV_N,2026-05-31,2026-06-30,quantile,0.05,0.0,WNV cases
ScV_N,2026-05-31,2026-06-30,quantile,0.1,0.0,WNV cases
ScV_N,2026-05-31,2026-06-30,quantile,0.15,0.0,WNV cases
ScV_N,2026-05-31,2026-06-30,quantile,0.2,0.0,WNV cases
ScV_N,2026-05-31,2026-06-30,quantile,0.25,0.0,WNV cases
ScV_N,2026-05-31,2026-06-30,quantile,0.3,0.0,WNV cases
ScV_N,2026-05-31,2026-06-30,quantile,0.35,0.0,WNV cases
ScV_N,2026-05-31,2026-06-30,quantile,0.4,0.0,WNV cases
ScV_N,2026-05-31,2026-06-30,quantile,0.45,0.0,WNV cases
ScV_N,2026-05-31,2026-06-30,quantile,0.5,0.0,WNV cases
ScV_N,2026-05-31,2026-06-30,quantile,0.55,0.0,WNV cases
ScV_N,2026-05-31,2026-06-30,quantile,0.6,0.0,WNV cases
ScV_N,2026-05-31,2026-06-30,quantile,0.65,0.0,WNV cases
ScV_N,2026-05-31,2026-06-30,quantile,0.7,0.0,WNV cases
ScV_N,2026-05-31,2026-06-30,quantile,0.75,0.0,WNV cases
ScV_N,2026-05-31,2026-06-30,quantile,0.8,0.0,WNV cases
ScV_N,2026-05-31,2026-06-30,quantile,0.85,0.999999999999999,WNV cases
ScV_N,2026-05-31,2026-06-30,quantile,0.9,1.42695007292325,WNV cases
ScV_N,2026-05-31,2026-06-30,quantile,0.95,2.0,WNV cases
ScV_N,2026-05-31,2026-06-30,quantile,0.99,3.29283864316747,WNV cases
ScV_N,2026-06-30,2026-07-31,quantile,0.01,0.0,WNV cases
ScV_N,2026-06-30,2026-07-31,quantile,0.05,0.0,WNV cases
ScV_N,2026-06-30,2026-07-31,quantile,0.1,0.0,WNV cases
ScV_N,2026-06-30,2026-07-31,quantile,0.15,0.0,WNV cases
ScV_N,2026-06-30,2026-07-31,quantile,0.2,0.0,WNV cases
ScV_N,2026-06-30,2026-07-31,quantile,0.25,0.319246984057341,WNV cases
ScV_N,2026-06-30,2026-07-31,quantile,0.3,0.531499725113448,WNV cases
ScV_N,2026-06-30,2026-07-31,quantile,0.35,0.753928418517823,WNV cases
ScV_N,2026-06-30,2026-07-31,quantile,0.4,1.0,WNV cases
ScV_N,2026-06-30,2026-07-31,quantile,0.45,1.31937550193583,WNV cases
ScV_N,2026-06-30,2026-07-31,quantile,0.5,1.67456236387338,WNV cases
ScV_N,2026-06-30,2026-07-31,quantile,0.55,2.0827346617828,WNV cases
ScV_N,2026-06-30,2026-07-31,quantile,0.6,2.5590146134677,WNV cases
ScV_N,2026-06-30,2026-07-31,quantile,0.65,3.14514062998372,WNV cases
ScV_N,2026-06-30,2026-07-31,quantile,0.7,3.93021258164016,WNV cases
ScV_N,2026-06-30,2026-07-31,quantile,0.75,4.49160616423464,WNV cases
ScV_N,2026-06-30,2026-07-31,quantile,0.8,6.0,WNV cases
ScV_N,2026-06-30,2026-07-31,quantile,0.85,7.95831520954685,WNV cases
ScV_N,2026-06-30,2026-07-31,quantile,0.9,11.2888111065708,WNV cases
ScV_N,2026-06-30,2026-07-31,quantile,0.95,18.7942260996342,WNV cases
ScV_N,2026-06-30,2026-07-31,quantile,0.99,48.0857288653927,WNV cases
ScV_N,2026-06-30,2026-08-31,quantile,0.01,0.0,WNV cases
ScV_N,2026-06-30,2026-08-31,quantile,0.05,0.190836460719127,WNV cases
ScV_N,2026-06-30,2026-08-31,quantile,0.1,0.354797541082451,WNV cases
ScV_N,2026-06-30,2026-08-31,quantile,0.15,0.539123268355494,WNV cases
ScV_N,2026-06-30,2026-08-31,quantile,0.2,0.751801395787705,WNV cases
ScV_N,2026-06-30,2026-08-31,quantile,0.25,0.999995971441908,WNV cases
ScV_N,2026-06-30,2026-08-31,quantile,0.3,1.31775084155956,WNV cases
ScV_N,2026-06-30,2026-08-31,quantile,0.35,1.65945995773004,WNV cases
ScV_N,2026-06-30,2026-08-31,quantile,0.4,2.03316076180089,WNV cases
ScV_N,2026-06-30,2026-08-31,quantile,0.45,2.44979342947838,WNV cases
ScV_N,2026-06-30,2026-08-31,quantile,0.5,2.92439274831074,WNV cases
ScV_N,2026-06-30,2026-08-31,quantile,0.55,7.59926741513672,WNV cases
ScV_N,2026-06-30,2026-08-31,quantile,0.6,8.82443665929806,WNV cases
ScV_N,2026-06-30,2026-08-31,quantile,0.65,10.0,WNV cases
ScV_N,2026-06-30,2026-08-31,quantile,0.7,10.0,WNV cases
ScV_N,2026-06-30,2026-08-31,quantile,0.75,10.0,WNV cases
ScV_N,2026-06-30,2026-08-31,quantile,0.8,13.3013041566239,WNV cases
ScV_N,2026-06-30,2026-08-31,quantile,0.85,18.5484978650222,WNV cases
ScV_N,2026-06-30,2026-08-31,quantile,0.9,28.184814102412,WNV cases
ScV_N,2026-06-30,2026-08-31,quantile,0.95,50.2112740673773,WNV cases
ScV_N,2026-06-30,2026-08-31,quantile,0.99,142.883005164055,WNV cases
ScV_N,2026-06-30,2026-09-30,quantile,0.01,0.0,WNV cases
ScV_N,2026-06-30,2026-09-30,quantile,0.05,0.0,WNV cases
ScV_N,2026-06-30,2026-09-30,quantile,0.1,0.0,WNV cases
ScV_N,2026-06-30,2026-09-30,quantile,0.15,0.0,WNV cases
ScV_N,2026-06-30,2026-09-30,quantile,0.2,0.0,WNV cases
ScV_N,2026-06-30,2026-09-30,quantile,0.25,0.413371112371312,WNV cases
ScV_N,2026-06-30,2026-09-30,quantile,0.3,0.613225440950983,WNV cases
ScV_N,2026-06-30,2026-09-30,quantile,0.35,0.803691953790107,WNV cases
ScV_N,2026-06-30,2026-09-30,quantile,0.4,1.0,WNV cases
ScV_N,2026-06-30,2026-09-30,quantile,0.45,1.16613621275699,WNV cases
ScV_N,2026-06-30,2026-09-30,quantile,0.5,1.34465629157341,WNV cases
ScV_N,2026-06-30,2026-09-30,quantile,0.55,1.52207220713503,WNV cases
ScV_N,2026-06-30,2026-09-30,quantile,0.6,1.62327277061115,WNV cases
ScV_N,2026-06-30,2026-09-30,quantile,0.65,1.73312385294462,WNV cases
ScV_N,2026-06-30,2026-09-30,quantile,0.7,1.85543657309142,WNV cases
ScV_N,2026-06-30,2026-09-30,quantile,0.75,1.99999922260685,WNV cases
ScV_N,2026-06-30,2026-09-30,quantile,0.8,2.17934443333356,WNV cases
ScV_N,2026-06-30,2026-09-30,quantile,0.85,2.40879020118645,WNV cases
ScV_N,2026-06-30,2026-09-30,quantile,0.9,2.7321092505129,WNV cases
ScV_N,2026-06-30,2026-09-30,quantile,0.95,6.04177452048353,WNV cases
ScV_N,2026-06-30,2026-09-30,quantile,0.99,8.0,WNV cases
ScV_N,2026-06-30,2026-10-31,quantile,0.01,0.0,WNV cases
ScV_N,2026-06-30,2026-10-31,quantile,0.05,0.0,WNV cases
ScV_N,2026-06-30,2026-10-31,quantile,0.1,0.0,WNV cases
ScV_N,2026-06-30,2026-10-31,quantile,0.15,0.0,WNV cases
ScV_N,2026-06-30,2026-10-31,quantile,0.2,0.0,WNV cases
ScV_N,2026-06-30,2026-10-31,quantile,0.25,0.0,WNV cases
ScV_N,2026-06-30,2026-10-31,quantile,0.3,0.0,WNV cases
ScV_N,2026-06-30,2026-10-31,quantile,0.35,0.0,WNV cases
ScV_N,2026-06-30,2026-10-31,quantile,0.4,0.0,WNV cases
ScV_N,2026-06-30,2026-10-31,quantile,0.45,0.0,WNV cases
ScV_N,2026-06-30,2026-10-31,quantile,0.5,0.0,WNV cases
ScV_N,2026-06-30,2026-10-31,quantile,0.55,0.0,WNV cases
ScV_N,2026-06-30,2026-10-31,quantile,0.6,0.0,WNV cases
ScV_N,2026-06-30,2026-10-31,quantile,0.65,0.0,WNV cases
ScV_N,2026-06-30,2026-10-31,quantile,0.7,0.0,WNV cases
ScV_N,2026-06-30,2026-10-31,quantile,0.75,0.0,WNV cases
ScV_N,2026-06-30,2026-10-31,quantile,0.8,0.917706827459386,WNV cases
ScV_N,2026-06-30,2026-10-31,quantile,0.85,1.24904078828847,WNV cases
ScV_N,2026-06-30,2026-10-31,quantile,0.9,1.6232736226936,WNV cases
ScV_N,2026-06-30,2026-10-31,quantile,0.95,2.73211005043099,WNV cases
ScV_N,2026-06-30,2026-10-31,quantile,0.99,4.0627211466439,WNV cases
ScV_N,2026-06-30,2026-11-30,quantile,0.01,0.0,WNV cases
ScV_N,2026-06-30,2026-11-30,quantile,0.05,0.0,WNV cases
ScV_N,2026-06-30,2026-11-30,quantile,0.1,0.0,WNV cases
ScV_N,2026-06-30,2026-11-30,quantile,0.15,0.0,WNV cases
ScV_N,2026-06-30,2026-11-30,quantile,0.2,0.0,WNV cases
ScV_N,2026-06-30,2026-11-30,quantile,0.25,0.0,WNV cases
ScV_N,2026-06-30,2026-11-30,quantile,0.3,0.0,WNV cases
ScV_N,2026-06-30,2026-11-30,quantile,0.35,0.0,WNV cases
ScV_N,2026-06-30,2026-11-30,quantile,0.4,0.0,WNV cases
ScV_N,2026-06-30,2026-11-30,quantile,0.45,0.0,WNV cases
ScV_N,2026-06-30,2026-11-30,quantile,0.5,0.0,WNV cases
ScV_N,2026-06-30,2026-11-30,quantile,0.55,0.0,WNV cases
ScV_N,2026-06-30,2026-11-30,quantile,0.6,0.0,WNV cases
ScV_N,2026-06-30,2026-11-30,quantile,0.65,0.0,WNV cases
ScV_N,2026-06-30,2026-11-30,quantile,0.7,0.0,WNV cases
ScV_N,2026-06-30,2026-11-30,quantile,0.75,0.0,WNV cases
ScV_N,2026-06-30,2026-11-30,quantile,0.8,0.0,WNV cases
ScV_N,2026-06-30,2026-11-30,quantile,0.85,0.0,WNV cases
ScV_N,2026-06-30,2026-11-30,quantile,0.9,0.0,WNV cases
ScV_N,2026-06-30,2026-11-30,quantile,0.95,0.0,WNV cases
ScV_N,2026-06-30,2026-11-30,quantile,0.99,2.0,WNV cases
ScV_N,2026-06-30,2026-12-31,quantile,0.01,0.0,WNV cases
ScV_N,2026-06-30,2026-12-31,quantile,0.05,0.0,WNV cases
ScV_N,2026-06-30,2026-12-31,quantile,0.1,0.0,WNV cases
ScV_N,2026-06-30,2026-12-31,quantile,0.15,0.0,WNV cases
ScV_N,2026-06-30,2026-12-31,quantile,0.2,0.0,WNV cases
ScV_N,2026-06-30,2026-12-31,quantile,0.25,0.0,WNV cases
ScV_N,2026-06-30,2026-12-31,quantile,0.3,0.0,WNV cases
ScV_N,2026-06-30,2026-12-31,quantile,0.35,0.0,WNV cases
ScV_N,2026-06-30,2026-12-31,quantile,0.4,0.0,WNV cases
ScV_N,2026-06-30,2026-12-31,quantile,0.45,0.0,WNV cases
ScV_N,2026-06-30,2026-12-31,quantile,0.5,0.0,WNV cases
ScV_N,2026-06-30,2026-12-31,quantile,0.55,0.0,WNV cases
ScV_N,2026-06-30,2026-12-31,quantile,0.6,0.0,WNV cases
ScV_N,2026-06-30,2026-12-31,quantile,0.65,0.0,WNV cases
ScV_N,2026-06-30,2026-12-31,quantile,0.7,0.0,WNV cases
ScV_N,2026-06-30,2026-12-31,quantile,0.75,0.0,WNV cases
ScV_N,2026-06-30,2026-12-31,quantile,0.8,0.0,WNV cases
ScV_N,2026-06-30,2026-12-31,quantile,0.85,0.0,WNV cases
ScV_N,2026-06-30,2026-12-31,quantile,0.9,0.0,WNV cases
ScV_N,2026-06-30,2026-12-31,quantile,0.95,0.0,WNV cases
ScV_N,2026-06-30,2026-12-31,quantile,0.99,0.0,WNV cases
ScV_S,2026-04-30,2026-05-31,quantile,0.01,0.0,WNV cases
ScV_S,2026-04-30,2026-05-31,quantile,0.05,0.0,WNV cases
ScV_S,2026-04-30,2026-05-31,quantile,0.1,0.0,WNV cases
ScV_S,2026-04-30,2026-05-31,quantile,0.15,0.0,WNV cases
ScV_S,2026-04-30,2026-05-31,quantile,0.2,0.0,WNV cases
ScV_S,2026-04-30,2026-05-31,quantile,0.25,0.0,WNV cases
ScV_S,2026-04-30,2026-05-31,quantile,0.3,0.0,WNV cases
ScV_S,2026-04-30,2026-05-31,quantile,0.35,0.0,WNV cases
ScV_S,2026-04-30,2026-05-31,quantile,0.4,0.0,WNV cases
ScV_S,2026-04-30,2026-05-31,quantile,0.45,0.0,WNV cases
ScV_S,2026-04-30,2026-05-31,quantile,0.5,0.0,WNV cases
ScV_S,2026-04-30,2026-05-31,quantile,0.55,0.0,WNV cases
ScV_S,2026-04-30,2026-05-31,quantile,0.6,0.0,WNV cases
ScV_S,2026-04-30,2026-05-31,quantile,0.65,0.0,WNV cases
ScV_S,2026-04-30,2026-05-31,quantile,0.7,0.0,WNV cases
ScV_S,2026-04-30,2026-05-31,quantile,0.75,0.0,WNV cases
ScV_S,2026-04-30,2026-05-31,quantile,0.8,0.0,WNV cases
ScV_S,2026-04-30,2026-05-31,quantile,0.85,0.0,WNV cases
ScV_S,2026-04-30,2026-05-31,quantile,0.9,0.0,WNV cases
ScV_S,2026-04-30,2026-05-31,quantile,0.95,0.0,WNV cases
ScV_S,2026-04-30,2026-05-31,quantile,0.99,0.0,WNV cases
ScV_S,2026-05-31,2026-06-30,quantile,0.01,0.0,WNV cases
ScV_S,2026-05-31,2026-06-30,quantile,0.05,0.0,WNV cases
ScV_S,2026-05-31,2026-06-30,quantile,0.1,0.0,WNV cases
ScV_S,2026-05-31,2026-06-30,quantile,0.15,0.0,WNV cases
ScV_S,2026-05-31,2026-06-30,quantile,0.2,0.0,WNV cases
ScV_S,2026-05-31,2026-06-30,quantile,0.25,0.0,WNV cases
ScV_S,2026-05-31,2026-06-30,quantile,0.3,0.0,WNV cases
ScV_S,2026-05-31,2026-06-30,quantile,0.35,0.0,WNV cases
ScV_S,2026-05-31,2026-06-30,quantile,0.4,0.0,WNV cases
ScV_S,2026-05-31,2026-06-30,quantile,0.45,0.0,WNV cases
ScV_S,2026-05-31,2026-06-30,quantile,0.5,0.0,WNV cases
ScV_S,2026-05-31,2026-06-30,quantile,0.55,0.0,WNV cases
ScV_S,2026-05-31,2026-06-30,quantile,0.6,0.0,WNV cases
ScV_S,2026-05-31,2026-06-30,quantile,0.65,0.0,WNV cases
ScV_S,2026-05-31,2026-06-30,quantile,0.7,0.0224423078480337,WNV cases
ScV_S,2026-05-31,2026-06-30,quantile,0.75,0.860262777095597,WNV cases
ScV_S,2026-05-31,2026-06-30,quantile,0.8,1.13646334275333,WNV cases
ScV_S,2026-05-31,2026-06-30,quantile,0.85,1.42695007292325,WNV cases
ScV_S,2026-05-31,2026-06-30,quantile,0.9,1.89407586660368,WNV cases
ScV_S,2026-05-31,2026-06-30,quantile,0.95,2.32487101993691,WNV cases
ScV_S,2026-05-31,2026-06-30,quantile,0.99,3.62877587443221,WNV cases
ScV_S,2026-06-30,2026-07-31,quantile,0.01,0.0,WNV cases
ScV_S,2026-06-30,2026-07-31,quantile,0.05,0.0,WNV cases
ScV_S,2026-06-30,2026-07-31,quantile,0.1,0.0,WNV cases
ScV_S,2026-06-30,2026-07-31,quantile,0.15,0.0,WNV cases
ScV_S,2026-06-30,2026-07-31,quantile,0.2,0.0,WNV cases
ScV_S,2026-06-30,2026-07-31,quantile,0.25,0.358578855712228,WNV cases
ScV_S,2026-06-30,2026-07-31,quantile,0.3,0.566806270587875,WNV cases
ScV_S,2026-06-30,2026-07-31,quantile,0.35,0.77591198742494,WNV cases
ScV_S,2026-06-30,2026-07-31,quantile,0.4,1.0,WNV cases
ScV_S,2026-06-30,2026-07-31,quantile,0.45,1.27617038138661,WNV cases
ScV_S,2026-06-30,2026-07-31,quantile,0.5,1.58441369438387,WNV cases
ScV_S,2026-06-30,2026-07-31,quantile,0.55,1.93230415582883,WNV cases
ScV_S,2026-06-30,2026-07-31,quantile,0.6,2.34443807143675,WNV cases
ScV_S,2026-06-30,2026-07-31,quantile,0.65,2.84642064579664,WNV cases
ScV_S,2026-06-30,2026-07-31,quantile,0.7,3.5084029068283,WNV cases
ScV_S,2026-06-30,2026-07-31,quantile,0.75,4.49160616423464,WNV cases
ScV_S,2026-06-30,2026-07-31,quantile,0.8,6.0,WNV cases
ScV_S,2026-06-30,2026-07-31,quantile,0.85,7.95831520954685,WNV cases
ScV_S,2026-06-30,2026-07-31,quantile,0.9,11.2888111065708,WNV cases
ScV_S,2026-06-30,2026-07-31,quantile,0.95,18.7942260996342,WNV cases
ScV_S,2026-06-30,2026-07-31,quantile,0.99,48.0857288653927,WNV cases
ScV_S,2026-06-30,2026-08-31,quantile,0.01,0.0,WNV cases
ScV_S,2026-06-30,2026-08-31,quantile,0.05,0.551157508717992,WNV cases
ScV_S,2026-06-30,2026-08-31,quantile,0.1,0.892990498271155,WNV cases
ScV_S,2026-06-30,2026-08-31,quantile,0.15,1.23663842457157,WNV cases
ScV_S,2026-06-30,2026-08-31,quantile,0.2,1.60184131011492,WNV cases
ScV_S,2026-06-30,2026-08-31,quantile,0.25,1.99999373034217,WNV cases
ScV_S,2026-06-30,2026-08-31,quantile,0.3,2.43662092602077,WNV cases
ScV_S,2026-06-30,2026-08-31,quantile,0.35,2.91065852272687,WNV cases
ScV_S,2026-06-30,2026-08-31,quantile,0.4,3.43131585951851,WNV cases
ScV_S,2026-06-30,2026-08-31,quantile,0.45,4.02001037854167,WNV cases
ScV_S,2026-06-30,2026-08-31,quantile,0.5,4.68886906022277,WNV cases
ScV_S,2026-06-30,2026-08-31,quantile,0.55,6.18047073006989,WNV cases
ScV_S,2026-06-30,2026-08-31,quantile,0.6,6.91460610708233,WNV cases
ScV_S,2026-06-30,2026-08-31,quantile,0.65,8.50718099477884,WNV cases
ScV_S,2026-06-30,2026-08-31,quantile,0.7,10.0,WNV cases
ScV_S,2026-06-30,2026-08-31,quantile,0.75,11.9999872284,WNV cases
ScV_S,2026-06-30,2026-08-31,quantile,0.8,14.9826864774011,WNV cases
ScV_S,2026-06-30,2026-08-31,quantile,0.85,19.4073407413268,WNV cases
ScV_S,2026-06-30,2026-08-31,quantile,0.9,26.8757824478238,WNV cases
ScV_S,2026-06-30,2026-08-31,quantile,0.95,43.5441603092168,WNV cases
ScV_S,2026-06-30,2026-08-31,quantile,0.99,107.657951854319,WNV cases
ScV_S,2026-06-30,2026-09-30,quantile,0.01,0.0,WNV cases
ScV_S,2026-06-30,2026-09-30,quantile,0.05,0.314198323295191,WNV cases
ScV_S,2026-06-30,2026-09-30,quantile,0.1,0.48467424107669,WNV cases
ScV_S,2026-06-30,2026-09-30,quantile,0.15,0.649318853981505,WNV cases
ScV_S,2026-06-30,2026-09-30,quantile,0.2,0.819218597003294,WNV cases
ScV_S,2026-06-30,2026-09-30,quantile,0.25,0.999997184157026,WNV cases
ScV_S,2026-06-30,2026-09-30,quantile,0.3,1.19531961532602,WNV cases
ScV_S,2026-06-30,2026-09-30,quantile,0.35,1.41809906597115,WNV cases
ScV_S,2026-06-30,2026-09-30,quantile,0.4,1.79008333695384,WNV cases
ScV_S,2026-06-30,2026-09-30,quantile,0.45,2.200682372013,WNV cases
ScV_S,2026-06-30,2026-09-30,quantile,0.5,2.66261260220933,WNV cases
ScV_S,2026-06-30,2026-09-30,quantile,0.55,4.23343028216459,WNV cases
ScV_S,2026-06-30,2026-09-30,quantile,0.6,4.75875978880184,WNV cases
ScV_S,2026-06-30,2026-09-30,quantile,0.65,5.36677632317882,WNV cases
ScV_S,2026-06-30,2026-09-30,quantile,0.7,6.09512061502951,WNV cases
ScV_S,2026-06-30,2026-09-30,quantile,0.75,9.05681632454027,WNV cases
ScV_S,2026-06-30,2026-09-30,quantile,0.8,10.0,WNV cases
ScV_S,2026-06-30,2026-09-30,quantile,0.85,10.0,WNV cases
ScV_S,2026-06-30,2026-09-30,quantile,0.9,12.300900796523,WNV cases
ScV_S,2026-06-30,2026-09-30,quantile,0.95,17.237064235287,WNV cases
ScV_S,2026-06-30,2026-09-30,quantile,0.99,35.8819087083586,WNV cases
ScV_S,2026-06-30,2026-10-31,quantile,0.01,0.0,WNV cases
ScV_S,2026-06-30,2026-10-31,quantile,0.05,0.0,WNV cases
ScV_S,2026-06-30,2026-10-31,quantile,0.1,0.0,WNV cases
ScV_S,2026-06-30,2026-10-31,quantile,0.15,0.0,WNV cases
ScV_S,2026-06-30,2026-10-31,quantile,0.2,0.0,WNV cases
ScV_S,2026-06-30,2026-10-31,quantile,0.25,0.0,WNV cases
ScV_S,2026-06-30,2026-10-31,quantile,0.3,0.0,WNV cases
ScV_S,2026-06-30,2026-10-31,quantile,0.35,0.0,WNV cases
ScV_S,2026-06-30,2026-10-31,quantile,0.4,0.0,WNV cases
ScV_S,2026-06-30,2026-10-31,quantile,0.45,0.694855511437677,WNV cases
ScV_S,2026-06-30,2026-10-31,quantile,0.5,0.860262777095596,WNV cases
ScV_S,2026-06-30,2026-10-31,quantile,0.55,1.0,WNV cases
ScV_S,2026-06-30,2026-10-31,quantile,0.6,1.13646334275333,WNV cases
ScV_S,2026-06-30,2026-10-31,quantile,0.65,1.27780791157614,WNV cases
ScV_S,2026-06-30,2026-10-31,quantile,0.7,1.42695007292325,WNV cases
ScV_S,2026-06-30,2026-10-31,quantile,0.75,1.99999922260685,WNV cases
ScV_S,2026-06-30,2026-10-31,quantile,0.8,2.0,WNV cases
ScV_S,2026-06-30,2026-10-31,quantile,0.85,2.0,WNV cases
ScV_S,2026-06-30,2026-10-31,quantile,0.9,2.32487101993691,WNV cases
ScV_S,2026-06-30,2026-10-31,quantile,0.95,2.87829623148838,WNV cases
ScV_S,2026-06-30,2026-10-31,quantile,0.99,4.22081703583321,WNV cases
ScV_S,2026-06-30,2026-11-30,quantile,0.01,0.0,WNV cases
ScV_S,2026-06-30,2026-11-30,quantile,0.05,0.0,WNV cases
ScV_S,2026-06-30,2026-11-30,quantile,0.1,0.0,WNV cases
ScV_S,2026-06-30,2026-11-30,quantile,0.15,0.0,WNV cases
ScV_S,2026-06-30,2026-11-30,quantile,0.2,0.0,WNV cases
ScV_S,2026-06-30,2026-11-30,quantile,0.25,0.0,WNV cases
ScV_S,2026-06-30,2026-11-30,quantile,0.3,0.0,WNV cases
ScV_S,2026-06-30,2026-11-30,quantile,0.35,0.0,WNV cases
ScV_S,2026-06-30,2026-11-30,quantile,0.4,0.0,WNV cases
ScV_S,2026-06-30,2026-11-30,quantile,0.45,0.0,WNV cases
ScV_S,2026-06-30,2026-11-30,quantile,0.5,0.0,WNV cases
ScV_S,2026-06-30,2026-11-30,quantile,0.55,0.0,WNV cases
ScV_S,2026-06-30,2026-11-30,quantile,0.6,0.0,WNV cases
ScV_S,2026-06-30,2026-11-30,quantile,0.65,0.0,WNV cases
ScV_S,2026-06-30,2026-11-30,quantile,0.7,0.0,WNV cases
ScV_S,2026-06-30,2026-11-30,quantile,0.75,0.0,WNV cases
ScV_S,2026-06-30,2026-11-30,quantile,0.8,0.0,WNV cases
ScV_S,2026-06-30,2026-11-30,quantile,0.85,0.0,WNV cases
ScV_S,2026-06-30,2026-11-30,quantile,0.9,1.13646334275333,WNV cases
ScV_S,2026-06-30,2026-11-30,quantile,0.95,1.7721730725279,WNV cases
ScV_S,2026-06-30,2026-11-30,quantile,0.99,3.05835669370774,WNV cases
ScV_S,2026-06-30,2026-12-31,quantile,0.01,0.0,WNV cases
ScV_S,2026-06-30,2026-12-31,quantile,0.05,0.0,WNV cases
ScV_S,2026-06-30,2026-12-31,quantile,0.1,0.0,WNV cases
ScV_S,2026-06-30,2026-12-31,quantile,0.15,0.0,WNV cases
ScV_S,2026-06-30,2026-12-31,quantile,0.2,0.0,WNV cases
ScV_S,2026-06-30,2026-12-31,quantile,0.25,0.0,WNV cases
ScV_S,2026-06-30,2026-12-31,quantile,0.3,0.0,WNV cases
ScV_S,2026-06-30,2026-12-31,quantile,0.35,0.0,WNV cases
ScV_S,2026-06-30,2026-12-31,quantile,0.4,0.0,WNV cases
ScV_S,2026-06-30,2026-12-31,quantile,0.45,0.0,WNV cases
ScV_S,2026-06-30,2026-12-31,quantile,0.5,0.0,WNV cases
ScV_S,2026-06-30,2026-12-31,quantile,0.55,0.0,WNV cases
ScV_S,2026-06-30,2026-12-31,quantile,0.6,0.0,WNV cases
ScV_S,2026-06-30,2026-12-31,quantile,0.65,0.0,WNV cases
ScV_S,2026-06-30,2026-12-31,quantile,0.7,0.0,WNV cases
ScV_S,2026-06-30,2026-12-31,quantile,0.75,0.0,WNV cases
ScV_S,2026-06-30,2026-12-31,quantile,0.8,0.0,WNV cases
ScV_S,2026-06-30,2026-12-31,quantile,0.85,0.0,WNV cases
ScV_S,2026-06-30,2026-12-31,quantile,0.9,0.0,WNV cases
ScV_S,2026-06-30,2026-12-31,quantile,0.95,0.0,WNV cases
ScV_S,2026-06-30,2026-12-31,quantile,0.99,0.0,WNV cases
SnJ_N,2026-04-30,2026-05-31,quantile,0.01,0.0,WNV cases
SnJ_N,2026-04-30,2026-05-31,quantile,0.05,0.0,WNV cases
SnJ_N,2026-04-30,2026-05-31,quantile,0.1,0.0,WNV cases
SnJ_N,2026-04-30,2026-05-31,quantile,0.15,0.0,WNV cases
SnJ_N,2026-04-30,2026-05-31,quantile,0.2,0.0,WNV cases
SnJ_N,2026-04-30,2026-05-31,quantile,0.25,0.0,WNV cases
SnJ_N,2026-04-30,2026-05-31,quantile,0.3,0.0,WNV cases
SnJ_N,2026-04-30,2026-05-31,quantile,0.35,0.0,WNV cases
SnJ_N,2026-04-30,2026-05-31,quantile,0.4,0.0,WNV cases
SnJ_N,2026-04-30,2026-05-31,quantile,0.45,0.0,WNV cases
SnJ_N,2026-04-30,2026-05-31,quantile,0.5,0.0,WNV cases
SnJ_N,2026-04-30,2026-05-31,quantile,0.55,0.0,WNV cases
SnJ_N,2026-04-30,2026-05-31,quantile,0.6,0.0,WNV cases
SnJ_N,2026-04-30,2026-05-31,quantile,0.65,0.0,WNV cases
SnJ_N,2026-04-30,2026-05-31,quantile,0.7,0.0,WNV cases
SnJ_N,2026-04-30,2026-05-31,quantile,0.75,0.0,WNV cases
SnJ_N,2026-04-30,2026-05-31,quantile,0.8,0.0,WNV cases
SnJ_N,2026-04-30,2026-05-31,quantile,0.85,0.0,WNV cases
SnJ_N,2026-04-30,2026-05-31,quantile,0.9,0.0,WNV cases
SnJ_N,2026-04-30,2026-05-31,quantile,0.95,1.42695007292325,WNV cases
SnJ_N,2026-04-30,2026-05-31,quantile,0.99,2.73211005043099,WNV cases
SnJ_N,2026-05-31,2026-06-30,quantile,0.01,0.0,WNV cases
SnJ_N,2026-05-31,2026-06-30,quantile,0.05,0.0,WNV cases
SnJ_N,2026-05-31,2026-06-30,quantile,0.1,0.0,WNV cases
SnJ_N,2026-05-31,2026-06-30,quantile,0.15,0.0,WNV cases
SnJ_N,2026-05-31,2026-06-30,quantile,0.2,0.0,WNV cases
SnJ_N,2026-05-31,2026-06-30,quantile,0.25,0.0,WNV cases
SnJ_N,2026-05-31,2026-06-30,quantile,0.3,0.0,WNV cases
SnJ_N,2026-05-31,2026-06-30,quantile,0.35,0.0,WNV cases
SnJ_N,2026-05-31,2026-06-30,quantile,0.4,0.0,WNV cases
SnJ_N,2026-05-31,2026-06-30,quantile,0.45,0.0,WNV cases
SnJ_N,2026-05-31,2026-06-30,quantile,0.5,0.0,WNV cases
SnJ_N,2026-05-31,2026-06-30,quantile,0.55,0.0,WNV cases
SnJ_N,2026-05-31,2026-06-30,quantile,0.6,0.0,WNV cases
SnJ_N,2026-05-31,2026-06-30,quantile,0.65,0.78308712219713,WNV cases
SnJ_N,2026-05-31,2026-06-30,quantile,0.7,1.0,WNV cases
SnJ_N,2026-05-31,2026-06-30,quantile,0.75,1.20639956122733,WNV cases
SnJ_N,2026-05-31,2026-06-30,quantile,0.8,1.42695007292325,WNV cases
SnJ_N,2026-05-31,2026-06-30,quantile,0.85,2.0,WNV cases
SnJ_N,2026-05-31,2026-06-30,quantile,0.9,2.0,WNV cases
SnJ_N,2026-05-31,2026-06-30,quantile,0.95,2.55399424062618,WNV cases
SnJ_N,2026-05-31,2026-06-30,quantile,0.99,3.87158274366535,WNV cases
SnJ_N,2026-06-30,2026-07-31,quantile,0.01,0.0,WNV cases
SnJ_N,2026-06-30,2026-07-31,quantile,0.05,0.0,WNV cases
SnJ_N,2026-06-30,2026-07-31,quantile,0.1,0.18629050221158,WNV cases
SnJ_N,2026-06-30,2026-07-31,quantile,0.15,0.358160891772238,WNV cases
SnJ_N,2026-06-30,2026-07-31,quantile,0.2,0.557545871546296,WNV cases
SnJ_N,2026-06-30,2026-07-31,quantile,0.25,0.793523076834833,WNV cases
SnJ_N,2026-06-30,2026-07-31,quantile,0.3,1.05745092615861,WNV cases
SnJ_N,2026-06-30,2026-07-31,quantile,0.35,1.29188634502296,WNV cases
SnJ_N,2026-06-30,2026-07-31,quantile,0.4,1.5499081819791,WNV cases
SnJ_N,2026-06-30,2026-07-31,quantile,0.45,1.8372854015385,WNV cases
SnJ_N,2026-06-30,2026-07-31,quantile,0.5,2.16124416337961,WNV cases
SnJ_N,2026-06-30,2026-07-31,quantile,0.55,3.43494014357836,WNV cases
SnJ_N,2026-06-30,2026-07-31,quantile,0.6,4.15527924042177,WNV cases
SnJ_N,2026-06-30,2026-07-31,quantile,0.65,5.0,WNV cases
SnJ_N,2026-06-30,2026-07-31,quantile,0.7,5.0,WNV cases
SnJ_N,2026-06-30,2026-07-31,quantile,0.75,5.66203645852031,WNV cases
SnJ_N,2026-06-30,2026-07-31,quantile,0.8,7.13185540463779,WNV cases
SnJ_N,2026-06-30,2026-07-31,quantile,0.85,9.28401637397321,WNV cases
SnJ_N,2026-06-30,2026-07-31,quantile,0.9,12.9227142109561,WNV cases
SnJ_N,2026-06-30,2026-07-31,quantile,0.95,21.0610787792355,WNV cases
SnJ_N,2026-06-30,2026-07-31,quantile,0.99,52.4660378378762,WNV cases
SnJ_N,2026-06-30,2026-08-31,quantile,0.01,0.0,WNV cases
SnJ_N,2026-06-30,2026-08-31,quantile,0.05,0.664965791622869,WNV cases
SnJ_N,2026-06-30,2026-08-31,quantile,0.1,1.13063823574942,WNV cases
SnJ_N,2026-06-30,2026-08-31,quantile,0.15,1.66289128816199,WNV cases
SnJ_N,2026-06-30,2026-08-31,quantile,0.2,2.24475483794581,WNV cases
SnJ_N,2026-06-30,2026-08-31,quantile,0.25,2.89536562756821,WNV cases
SnJ_N,2026-06-30,2026-08-31,quantile,0.3,3.58595884597807,WNV cases
SnJ_N,2026-06-30,2026-08-31,quantile,0.35,4.22426928888038,WNV cases
SnJ_N,2026-06-30,2026-08-31,quantile,0.4,4.92545560083026,WNV cases
SnJ_N,2026-06-30,2026-08-31,quantile,0.45,5.70214942918081,WNV cases
SnJ_N,2026-06-30,2026-08-31,quantile,0.5,6.58246999348086,WNV cases
SnJ_N,2026-06-30,2026-08-31,quantile,0.55,7.59926741513672,WNV cases
SnJ_N,2026-06-30,2026-08-31,quantile,0.6,8.52413435005064,WNV cases
SnJ_N,2026-06-30,2026-08-31,quantile,0.65,9.47149615737338,WNV cases
SnJ_N,2026-06-30,2026-08-31,quantile,0.7,10.5739169738193,WNV cases
SnJ_N,2026-06-30,2026-08-31,quantile,0.75,11.9250987057473,WNV cases
SnJ_N,2026-06-30,2026-08-31,quantile,0.8,13.6694026582639,WNV cases
SnJ_N,2026-06-30,2026-08-31,quantile,0.85,16.0290047178703,WNV cases
SnJ_N,2026-06-30,2026-08-31,quantile,0.9,20.3936135456267,WNV cases
SnJ_N,2026-06-30,2026-08-31,quantile,0.95,35.7035191450906,WNV cases
SnJ_N,2026-06-30,2026-08-31,quantile,0.99,102.081098159977,WNV cases
SnJ_N,2026-06-30,2026-09-30,quantile,0.01,0.0,WNV cases
SnJ_N,2026-06-30,2026-09-30,quantile,0.05,0.664965791622869,WNV cases
SnJ_N,2026-06-30,2026-09-30,quantile,0.1,1.01428460611969,WNV cases
SnJ_N,2026-06-30,2026-09-30,quantile,0.15,1.32657270401521,WNV cases
SnJ_N,2026-06-30,2026-09-30,quantile,0.2,1.63453714850828,WNV cases
SnJ_N,2026-06-30,2026-09-30,quantile,0.25,1.95120347437701,WNV cases
SnJ_N,2026-06-30,2026-09-30,quantile,0.3,2.28620341854655,WNV cases
SnJ_N,2026-06-30,2026-09-30,quantile,0.35,2.6489926070808,WNV cases
SnJ_N,2026-06-30,2026-09-30,quantile,0.4,3.04177660242381,WNV cases
SnJ_N,2026-06-30,2026-09-30,quantile,0.45,3.47183076475944,WNV cases
SnJ_N,2026-06-30,2026-09-30,quantile,0.5,3.95148058911206,WNV cases
SnJ_N,2026-06-30,2026-09-30,quantile,0.55,4.49437274768115,WNV cases
SnJ_N,2026-06-30,2026-09-30,quantile,0.6,5.11979088670253,WNV cases
SnJ_N,2026-06-30,2026-09-30,quantile,0.65,5.86619852196431,WNV cases
SnJ_N,2026-06-30,2026-09-30,quantile,0.7,6.78094023263706,WNV cases
SnJ_N,2026-06-30,2026-09-30,quantile,0.75,7.93618953511054,WNV cases
SnJ_N,2026-06-30,2026-09-30,quantile,0.8,9.42912129137329,WNV cases
SnJ_N,2026-06-30,2026-09-30,quantile,0.85,11.5275672781598,WNV cases
SnJ_N,2026-06-30,2026-09-30,quantile,0.9,14.8411314249125,WNV cases
SnJ_N,2026-06-30,2026-09-30,quantile,0.95,21.5771506173826,WNV cases
SnJ_N,2026-06-30,2026-09-30,quantile,0.99,43.5154000312552,WNV cases
SnJ_N,2026-06-30,2026-10-31,quantile,0.01,0.0,WNV cases
SnJ_N,2026-06-30,2026-10-31,quantile,0.05,0.0,WNV cases
SnJ_N,2026-06-30,2026-10-31,quantile,0.1,0.0,WNV cases
SnJ_N,2026-06-30,2026-10-31,quantile,0.15,0.0,WNV cases
SnJ_N,2026-06-30,2026-10-31,quantile,0.2,0.0,WNV cases
SnJ_N,2026-06-30,2026-10-31,quantile,0.25,0.0,WNV cases
SnJ_N,2026-06-30,2026-10-31,quantile,0.3,0.0,WNV cases
SnJ_N,2026-06-30,2026-10-31,quantile,0.35,0.0,WNV cases
SnJ_N,2026-06-30,2026-10-31,quantile,0.4,0.0,WNV cases
SnJ_N,2026-06-30,2026-10-31,quantile,0.45,0.561576236190238,WNV cases
SnJ_N,2026-06-30,2026-10-31,quantile,0.5,0.787757950589209,WNV cases
SnJ_N,2026-06-30,2026-10-31,quantile,0.55,1.0,WNV cases
SnJ_N,2026-06-30,2026-10-31,quantile,0.6,1.22416069749378,WNV cases
SnJ_N,2026-06-30,2026-10-31,quantile,0.65,1.47157816340651,WNV cases
SnJ_N,2026-06-30,2026-10-31,quantile,0.7,1.75145877060651,WNV cases
SnJ_N,2026-06-30,2026-10-31,quantile,0.75,2.07677301583361,WNV cases
SnJ_N,2026-06-30,2026-10-31,quantile,0.8,3.0,WNV cases
SnJ_N,2026-06-30,2026-10-31,quantile,0.85,3.0,WNV cases
SnJ_N,2026-06-30,2026-10-31,quantile,0.9,3.80827638458759,WNV cases
SnJ_N,2026-06-30,2026-10-31,quantile,0.95,5.34210639031337,WNV cases
SnJ_N,2026-06-30,2026-10-31,quantile,0.99,9.80008952342196,WNV cases
SnJ_N,2026-06-30,2026-11-30,quantile,0.01,0.0,WNV cases
SnJ_N,2026-06-30,2026-11-30,quantile,0.05,0.0,WNV cases
SnJ_N,2026-06-30,2026-11-30,quantile,0.1,0.0,WNV cases
SnJ_N,2026-06-30,2026-11-30,quantile,0.15,0.0,WNV cases
SnJ_N,2026-06-30,2026-11-30,quantile,0.2,0.0,WNV cases
SnJ_N,2026-06-30,2026-11-30,quantile,0.25,0.0,WNV cases
SnJ_N,2026-06-30,2026-11-30,quantile,0.3,0.0,WNV cases
SnJ_N,2026-06-30,2026-11-30,quantile,0.35,0.0,WNV cases
SnJ_N,2026-06-30,2026-11-30,quantile,0.4,0.0,WNV cases
SnJ_N,2026-06-30,2026-11-30,quantile,0.45,0.0,WNV cases
SnJ_N,2026-06-30,2026-11-30,quantile,0.5,0.0,WNV cases
SnJ_N,2026-06-30,2026-11-30,quantile,0.55,0.0,WNV cases
SnJ_N,2026-06-30,2026-11-30,quantile,0.6,0.0,WNV cases
SnJ_N,2026-06-30,2026-11-30,quantile,0.65,0.0,WNV cases
SnJ_N,2026-06-30,2026-11-30,quantile,0.7,0.0,WNV cases
SnJ_N,2026-06-30,2026-11-30,quantile,0.75,0.0,WNV cases
SnJ_N,2026-06-30,2026-11-30,quantile,0.8,0.0,WNV cases
SnJ_N,2026-06-30,2026-11-30,quantile,0.85,0.0,WNV cases
SnJ_N,2026-06-30,2026-11-30,quantile,0.9,1.42695007292325,WNV cases
SnJ_N,2026-06-30,2026-11-30,quantile,0.95,2.0,WNV cases
SnJ_N,2026-06-30,2026-11-30,quantile,0.99,2.73211005043099,WNV cases
SnJ_N,2026-06-30,2026-12-31,quantile,0.01,0.0,WNV cases
SnJ_N,2026-06-30,2026-12-31,quantile,0.05,0.0,WNV cases
SnJ_N,2026-06-30,2026-12-31,quantile,0.1,0.0,WNV cases
SnJ_N,2026-06-30,2026-12-31,quantile,0.15,0.0,WNV cases
SnJ_N,2026-06-30,2026-12-31,quantile,0.2,0.0,WNV cases
SnJ_N,2026-06-30,2026-12-31,quantile,0.25,0.0,WNV cases
SnJ_N,2026-06-30,2026-12-31,quantile,0.3,0.0,WNV cases
SnJ_N,2026-06-30,2026-12-31,quantile,0.35,0.0,WNV cases
SnJ_N,2026-06-30,2026-12-31,quantile,0.4,0.0,WNV cases
SnJ_N,2026-06-30,2026-12-31,quantile,0.45,0.0,WNV cases
SnJ_N,2026-06-30,2026-12-31,quantile,0.5,0.0,WNV cases
SnJ_N,2026-06-30,2026-12-31,quantile,0.55,0.0,WNV cases
SnJ_N,2026-06-30,2026-12-31,quantile,0.6,0.0,WNV cases
SnJ_N,2026-06-30,2026-12-31,quantile,0.65,0.0,WNV cases
SnJ_N,2026-06-30,2026-12-31,quantile,0.7,0.0,WNV cases
SnJ_N,2026-06-30,2026-12-31,quantile,0.75,0.0,WNV cases
SnJ_N,2026-06-30,2026-12-31,quantile,0.8,0.0,WNV cases
SnJ_N,2026-06-30,2026-12-31,quantile,0.85,0.0,WNV cases
SnJ_N,2026-06-30,2026-12-31,quantile,0.9,0.0,WNV cases
SnJ_N,2026-06-30,2026-12-31,quantile,0.95,0.0,WNV cases
SnJ_N,2026-06-30,2026-12-31,quantile,0.99,0.0,WNV cases
SnJ_S,2026-04-30,2026-05-31,quantile,0.01,0.0,WNV cases
SnJ_S,2026-04-30,2026-05-31,quantile,0.05,0.0,WNV cases
SnJ_S,2026-04-30,2026-05-31,quantile,0.1,0.0,WNV cases
SnJ_S,2026-04-30,2026-05-31,quantile,0.15,0.0,WNV cases
SnJ_S,2026-04-30,2026-05-31,quantile,0.2,0.0,WNV cases
SnJ_S,2026-04-30,2026-05-31,quantile,0.25,0.0,WNV cases
SnJ_S,2026-04-30,2026-05-31,quantile,0.3,0.0,WNV cases
SnJ_S,2026-04-30,2026-05-31,quantile,0.35,0.0,WNV cases
SnJ_S,2026-04-30,2026-05-31,quantile,0.4,0.0,WNV cases
SnJ_S,2026-04-30,2026-05-31,quantile,0.45,0.0,WNV cases
SnJ_S,2026-04-30,2026-05-31,quantile,0.5,0.0,WNV cases
SnJ_S,2026-04-30,2026-05-31,quantile,0.55,0.0,WNV cases
SnJ_S,2026-04-30,2026-05-31,quantile,0.6,0.0,WNV cases
SnJ_S,2026-04-30,2026-05-31,quantile,0.65,0.0,WNV cases
SnJ_S,2026-04-30,2026-05-31,quantile,0.7,0.0,WNV cases
SnJ_S,2026-04-30,2026-05-31,quantile,0.75,0.0,WNV cases
SnJ_S,2026-04-30,2026-05-31,quantile,0.8,0.917706827459386,WNV cases
SnJ_S,2026-04-30,2026-05-31,quantile,0.85,1.24904078828847,WNV cases
SnJ_S,2026-04-30,2026-05-31,quantile,0.9,1.6232736226936,WNV cases
SnJ_S,2026-04-30,2026-05-31,quantile,0.95,2.17934523331038,WNV cases
SnJ_S,2026-04-30,2026-05-31,quantile,0.99,3.47686132599173,WNV cases
SnJ_S,2026-05-31,2026-06-30,quantile,0.01,0.0,WNV cases
SnJ_S,2026-05-31,2026-06-30,quantile,0.05,0.0,WNV cases
SnJ_S,2026-05-31,2026-06-30,quantile,0.1,0.0,WNV cases
SnJ_S,2026-05-31,2026-06-30,quantile,0.15,0.295145588195164,WNV cases
SnJ_S,2026-05-31,2026-06-30,quantile,0.2,0.48412342127359,WNV cases
SnJ_S,2026-05-31,2026-06-30,quantile,0.25,0.677678842253009,WNV cases
SnJ_S,2026-05-31,2026-06-30,quantile,0.3,0.887068471463824,WNV cases
SnJ_S,2026-05-31,2026-06-30,quantile,0.35,1.12128528855706,WNV cases
SnJ_S,2026-05-31,2026-06-30,quantile,0.4,1.37570481775014,WNV cases
SnJ_S,2026-05-31,2026-06-30,quantile,0.45,1.56088259801436,WNV cases
SnJ_S,2026-05-31,2026-06-30,quantile,0.5,1.7336343921402,WNV cases
SnJ_S,2026-05-31,2026-06-30,quantile,0.55,2.34443807143675,WNV cases
SnJ_S,2026-05-31,2026-06-30,quantile,0.6,2.78528479638679,WNV cases
SnJ_S,2026-05-31,2026-06-30,quantile,0.65,3.34042855993893,WNV cases
SnJ_S,2026-05-31,2026-06-30,quantile,0.7,4.10769453048409,WNV cases
SnJ_S,2026-05-31,2026-06-30,quantile,0.75,4.99999532957473,WNV cases
SnJ_S,2026-05-31,2026-06-30,quantile,0.8,5.0,WNV cases
SnJ_S,2026-05-31,2026-06-30,quantile,0.85,6.44402983976799,WNV cases
SnJ_S,2026-05-31,2026-06-30,quantile,0.9,8.82135618368186,WNV cases
SnJ_S,2026-05-31,2026-06-30,quantile,0.95,13.9439342848834,WNV cases
SnJ_S,2026-05-31,2026-06-30,quantile,0.99,32.4236302503196,WNV cases
SnJ_S,2026-06-30,2026-07-31,quantile,0.01,0.0,WNV cases
SnJ_S,2026-06-30,2026-07-31,quantile,0.05,0.205862140812293,WNV cases
SnJ_S,2026-06-30,2026-07-31,quantile,0.1,0.372025200731916,WNV cases
SnJ_S,2026-06-30,2026-07-31,quantile,0.15,0.554581472495752,WNV cases
SnJ_S,2026-06-30,2026-07-31,quantile,0.2,0.761679623806939,WNV cases
SnJ_S,2026-06-30,2026-07-31,quantile,0.25,0.999996155778263,WNV cases
SnJ_S,2026-06-30,2026-07-31,quantile,0.3,1.57254702820057,WNV cases
SnJ_S,2026-06-30,2026-07-31,quantile,0.35,2.283877585884,WNV cases
SnJ_S,2026-06-30,2026-07-31,quantile,0.4,3.05789493610134,WNV cases
SnJ_S,2026-06-30,2026-07-31,quantile,0.45,3.91534469565584,WNV cases
SnJ_S,2026-06-30,2026-07-31,quantile,0.5,4.88460138925329,WNV cases
SnJ_S,2026-06-30,2026-07-31,quantile,0.55,6.00494981904268,WNV cases
SnJ_S,2026-06-30,2026-07-31,quantile,0.6,7.33150704543358,WNV cases
SnJ_S,2026-06-30,2026-07-31,quantile,0.65,8.79929778294645,WNV cases
SnJ_S,2026-06-30,2026-07-31,quantile,0.7,10.1714103489556,WNV cases
SnJ_S,2026-06-30,2026-07-31,quantile,0.75,13.9999669181997,WNV cases
SnJ_S,2026-06-30,2026-07-31,quantile,0.8,17.9731229413129,WNV cases
SnJ_S,2026-06-30,2026-07-31,quantile,0.85,20.7188759340181,WNV cases
SnJ_S,2026-06-30,2026-07-31,quantile,0.9,24.7743209237255,WNV cases
SnJ_S,2026-06-30,2026-07-31,quantile,0.95,43.7178872660019,WNV cases
SnJ_S,2026-06-30,2026-07-31,quantile,0.99,132.658580638067,WNV cases
SnJ_S,2026-06-30,2026-08-31,quantile,0.01,0.0,WNV cases
SnJ_S,2026-06-30,2026-08-31,quantile,0.05,2.52362232940123,WNV cases
SnJ_S,2026-06-30,2026-08-31,quantile,0.1,3.49016269209799,WNV cases
SnJ_S,2026-06-30,2026-08-31,quantile,0.15,4.34366824960127,WNV cases
SnJ_S,2026-06-30,2026-08-31,quantile,0.2,5.16854389829473,WNV cases
SnJ_S,2026-06-30,2026-08-31,quantile,0.25,5.99998736130345,WNV cases
SnJ_S,2026-06-30,2026-08-31,quantile,0.3,7.19457903754375,WNV cases
SnJ_S,2026-06-30,2026-08-31,quantile,0.35,8.69983156000408,WNV cases
SnJ_S,2026-06-30,2026-08-31,quantile,0.4,10.3555901785328,WNV cases
SnJ_S,2026-06-30,2026-08-31,quantile,0.45,12.2028078176523,WNV cases
SnJ_S,2026-06-30,2026-08-31,quantile,0.5,14.1769198188371,WNV cases
SnJ_S,2026-06-30,2026-08-31,quantile,0.55,15.1329877431814,WNV cases
SnJ_S,2026-06-30,2026-08-31,quantile,0.6,16.1482144898582,WNV cases
SnJ_S,2026-06-30,2026-08-31,quantile,0.65,17.2494317178034,WNV cases
SnJ_S,2026-06-30,2026-08-31,quantile,0.7,18.4768437111963,WNV cases
SnJ_S,2026-06-30,2026-08-31,quantile,0.75,19.9999864102365,WNV cases
SnJ_S,2026-06-30,2026-08-31,quantile,0.8,23.0687132444665,WNV cases
SnJ_S,2026-06-30,2026-08-31,quantile,0.85,27.4670978904539,WNV cases
SnJ_S,2026-06-30,2026-08-31,quantile,0.9,34.2066720639845,WNV cases
SnJ_S,2026-06-30,2026-08-31,quantile,0.95,47.3437657548383,WNV cases
SnJ_S,2026-06-30,2026-08-31,quantile,0.99,87.0653031838001,WNV cases
SnJ_S,2026-06-30,2026-09-30,quantile,0.01,0.0,WNV cases
SnJ_S,2026-06-30,2026-09-30,quantile,0.05,3.10382783215015,WNV cases
SnJ_S,2026-06-30,2026-09-30,quantile,0.1,3.97256056363719,WNV cases
SnJ_S,2026-06-30,2026-09-30,quantile,0.15,4.69222901940688,WNV cases
SnJ_S,2026-06-30,2026-09-30,quantile,0.2,5.35608829754466,WNV cases
SnJ_S,2026-06-30,2026-09-30,quantile,0.25,5.99999038124168,WNV cases
SnJ_S,2026-06-30,2026-09-30,quantile,0.3,6.67737819865191,WNV cases
SnJ_S,2026-06-30,2026-09-30,quantile,0.35,7.51671852783926,WNV cases
SnJ_S,2026-06-30,2026-09-30,quantile,0.4,8.40889361289481,WNV cases
SnJ_S,2026-06-30,2026-09-30,quantile,0.45,9.36529558808619,WNV cases
SnJ_S,2026-06-30,2026-09-30,quantile,0.5,10.4018063528412,WNV cases
SnJ_S,2026-06-30,2026-09-30,quantile,0.55,11.5332973886188,WNV cases
SnJ_S,2026-06-30,2026-09-30,quantile,0.6,12.3511700729418,WNV cases
SnJ_S,2026-06-30,2026-09-30,quantile,0.65,13.1142318296478,WNV cases
SnJ_S,2026-06-30,2026-09-30,quantile,0.7,14.3014364620134,WNV cases
SnJ_S,2026-06-30,2026-09-30,quantile,0.75,15.9110476812207,WNV cases
SnJ_S,2026-06-30,2026-09-30,quantile,0.8,17.9731229413129,WNV cases
SnJ_S,2026-06-30,2026-09-30,quantile,0.85,20.7188759340181,WNV cases
SnJ_S,2026-06-30,2026-09-30,quantile,0.9,23.4503325631986,WNV cases
SnJ_S,2026-06-30,2026-09-30,quantile,0.95,28.9962627206169,WNV cases
SnJ_S,2026-06-30,2026-09-30,quantile,0.99,46.0657708420834,WNV cases
SnJ_S,2026-06-30,2026-10-31,quantile,0.01,0.0,WNV cases
SnJ_S,2026-06-30,2026-10-31,quantile,0.05,0.0,WNV cases
SnJ_S,2026-06-30,2026-10-31,quantile,0.1,0.609938686043045,WNV cases
SnJ_S,2026-06-30,2026-10-31,quantile,0.15,0.744702271042429,WNV cases
SnJ_S,2026-06-30,2026-10-31,quantile,0.2,0.872742587368657,WNV cases
SnJ_S,2026-06-30,2026-10-31,quantile,0.25,0.999998077887284,WNV cases
SnJ_S,2026-06-30,2026-10-31,quantile,0.3,1.13212950342029,WNV cases
SnJ_S,2026-06-30,2026-10-31,quantile,0.35,1.29188634502296,WNV cases
SnJ_S,2026-06-30,2026-10-31,quantile,0.4,1.5499081819791,WNV cases
SnJ_S,2026-06-30,2026-10-31,quantile,0.45,1.8372854015385,WNV cases
SnJ_S,2026-06-30,2026-10-31,quantile,0.5,2.16124416337961,WNV cases
SnJ_S,2026-06-30,2026-10-31,quantile,0.55,2.54238103598649,WNV cases
SnJ_S,2026-06-30,2026-10-31,quantile,0.6,3.00160469487323,WNV cases
SnJ_S,2026-06-30,2026-10-31,quantile,0.65,3.59036893797133,WNV cases
SnJ_S,2026-06-30,2026-10-31,quantile,0.7,4.42698052994385,WNV cases
SnJ_S,2026-06-30,2026-10-31,quantile,0.75,5.66203645852031,WNV cases
SnJ_S,2026-06-30,2026-10-31,quantile,0.8,6.67065886341271,WNV cases
SnJ_S,2026-06-30,2026-10-31,quantile,0.85,7.84141690634095,WNV cases
SnJ_S,2026-06-30,2026-10-31,quantile,0.9,9.60402808637017,WNV cases
SnJ_S,2026-06-30,2026-10-31,quantile,0.95,12.9574164738504,WNV cases
SnJ_S,2026-06-30,2026-10-31,quantile,0.99,22.6761085698394,WNV cases
SnJ_S,2026-06-30,2026-11-30,quantile,0.01,0.0,WNV cases
SnJ_S,2026-06-30,2026-11-30,quantile,0.05,0.0,WNV cases
SnJ_S,2026-06-30,2026-11-30,quantile,0.1,0.0,WNV cases
SnJ_S,2026-06-30,2026-11-30,quantile,0.15,0.0,WNV cases
SnJ_S,2026-06-30,2026-11-30,quantile,0.2,0.0,WNV cases
SnJ_S,2026-06-30,2026-11-30,quantile,0.25,0.0,WNV cases
SnJ_S,2026-06-30,2026-11-30,quantile,0.3,0.0,WNV cases
SnJ_S,2026-06-30,2026-11-30,quantile,0.35,0.0,WNV cases
SnJ_S,2026-06-30,2026-11-30,quantile,0.4,0.0,WNV cases
SnJ_S,2026-06-30,2026-11-30,quantile,0.45,0.0,WNV cases
SnJ_S,2026-06-30,2026-11-30,quantile,0.5,0.0,WNV cases
SnJ_S,2026-06-30,2026-11-30,quantile,0.55,0.0,WNV cases
SnJ_S,2026-06-30,2026-11-30,quantile,0.6,0.0,WNV cases
SnJ_S,2026-06-30,2026-11-30,quantile,0.65,0.78308712219713,WNV cases
SnJ_S,2026-06-30,2026-11-30,quantile,0.7,1.0,WNV cases
SnJ_S,2026-06-30,2026-11-30,quantile,0.75,1.20639956122733,WNV cases
SnJ_S,2026-06-30,2026-11-30,quantile,0.8,1.42695007292325,WNV cases
SnJ_S,2026-06-30,2026-11-30,quantile,0.85,1.67692579325917,WNV cases
SnJ_S,2026-06-30,2026-11-30,quantile,0.9,2.0,WNV cases
SnJ_S,2026-06-30,2026-11-30,quantile,0.95,2.55399424062618,WNV cases
SnJ_S,2026-06-30,2026-11-30,quantile,0.99,3.87158274366535,WNV cases
SnJ_S,2026-06-30,2026-12-31,quantile,0.01,0.0,WNV cases
SnJ_S,2026-06-30,2026-12-31,quantile,0.05,0.0,WNV cases
SnJ_S,2026-06-30,2026-12-31,quantile,0.1,0.0,WNV cases
SnJ_S,2026-06-30,2026-12-31,quantile,0.15,0.0,WNV cases
SnJ_S,2026-06-30,2026-12-31,quantile,0.2,0.0,WNV cases
SnJ_S,2026-06-30,2026-12-31,quantile,0.25,0.0,WNV cases
SnJ_S,2026-06-30,2026-12-31,quantile,0.3,0.0,WNV cases
SnJ_S,2026-06-30,2026-12-31,quantile,0.35,0.0,WNV cases
SnJ_S,2026-06-30,2026-12-31,quantile,0.4,0.0,WNV cases
SnJ_S,2026-06-30,2026-12-31,quantile,0.45,0.0,WNV cases
SnJ_S,2026-06-30,2026-12-31,quantile,0.5,0.0,WNV cases
SnJ_S,2026-06-30,2026-12-31,quantile,0.55,0.0,WNV cases
SnJ_S,2026-06-30,2026-12-31,quantile,0.6,0.0,WNV cases
SnJ_S,2026-06-30,2026-12-31,quantile,0.65,0.0,WNV cases
SnJ_S,2026-06-30,2026-12-31,quantile,0.7,0.0,WNV cases
SnJ_S,2026-06-30,2026-12-31,quantile,0.75,0.0,WNV cases
SnJ_S,2026-06-30,2026-12-31,quantile,0.8,0.0,WNV cases
SnJ_S,2026-06-30,2026-12-31,quantile,0.85,0.0,WNV cases
SnJ_S,2026-06-30,2026-12-31,quantile,0.9,0.0,WNV cases
SnJ_S,2026-06-30,2026-12-31,quantile,0.95,1.42695007292325,WNV cases
SnJ_S,2026-06-30,2026-12-31,quantile,0.99,2.73211005043099,WNV cases
